competition_name,category_name
IPTL,IPTL
"Juniors AO, Melbourne, Australia Men Singles",Juniors
"Juniors AO, Melbourne, Australia Men Doubles",Juniors
"Juniors AO, Melbourne, Australia Women Singles",Juniors
"Juniors AO, Melbourne, Australia Women Doubles",Juniors
"Juniors French Open, Paris, France Men Singles",Juniors
"Juniors French Open, Paris, France Men Doubles",Juniors
"Juniors French Open, Paris, France Women Singles",Juniors
"Juniors French Open, Paris, France Women Doubles",Juniors
"Juniors Wimbledon, London, GB Women Singles",Juniors
"Juniors Wimbledon, London, GB Men Singles",Juniors
"Juniors Wimbledon, London, GB Men Doubles",Juniors
"Juniors Wimbledon, London, GB Women Doubles",Juniors
"Juniors US Open, New York, USA Men Singles",Juniors
"Juniors US Open, New York, USA Men Doubles",Juniors
"Juniors US Open, New York, USA Women Singles",Juniors
"Juniors US Open, New York, USA Women Doubles",Juniors
"Legends AO, Melbourne, Australia Men Doubles",Legends
"Legends AO, Melbourne, Australia Women Doubles",Legends
"Legends French Open, Paris, France Men Doubles",Legends
"Legends French Open, Paris, France Women Doubles",Legends
"Legends Wimbledon, London, GB Men Doubles",Legends
"Legends Wimbledon, London, GB Women Doubles",Legends
"Legends US Open, New York, USA Men Doubles",Legends
"Legends US Open, New York, USA Women Doubles",Legends
"Legends Australian Open, Melbourne, Australia, Mixed Doubles",Legends
"Legends Wimbledon, London, Great Britain Mixed Doubles",Legends
"Legends French Open, Paris, France Mixed Doubles",Legends
"Wheelchairs AO, Melbourne, Australia Men Singles",Wheelchairs
"Wheelchairs AO, Melbourne, Australia Men Doubles",Wheelchairs
"Wheelchairs AO, Melbourne, Australia Women Singles",Wheelchairs
"Wheelchairs AO, Melbourne, Australia Women Doubles",Wheelchairs
"Wheelchairs French Open, Paris, France Men Singles",Wheelchairs
"Wheelchairs French Open, Paris, France Men Doubles",Wheelchairs
"Wheelchairs French Open, Paris, France Women Singles",Wheelchairs
"Wheelchairs French Open, Paris, France Women Doubles",Wheelchairs
"Wheelchairs Wimbledon, London, GB Men Singles",Wheelchairs
"Wheelchairs Wimbledon, London, GB Men Doubles",Wheelchairs
"Wheelchairs Wimbledon, London, GB Women Singles",Wheelchairs
"Wheelchairs Wimbledon, London, GB Women Doubles",Wheelchairs
"Wheelchairs US Open, New York, USA Men Singles",Wheelchairs
"Wheelchairs US Open, New York, USA Men Doubles",Wheelchairs
"Wheelchairs US Open, New York, USA Women Singles",Wheelchairs
"Wheelchairs US Open, New York, USA Women Doubles",Wheelchairs
"Hopman Cup","Hopman Cup"
"ITF Women Campos Do Jordao, Brazil Women Singles","ITF Women"
"ITF Women Campos Do Jordao, Brazil Women Doubles","ITF Women"
"ITF Women Brcko, Bosnia & Herzegovina Women Singles","ITF Women"
"ITF Women Brcko, Bosnia & Herzegovina Women Doubles","ITF Women"
"ITF Women Albena, Bulgaria Women Singles","ITF Women"
"ITF Women Albena, Bulgaria Women Doubles","ITF Women"
"ITF Women Monterrey, Mexico Women Singles","ITF Women"
"ITF Women Monterrey, Mexico Women Doubles","ITF Women"
"ITF Women Duino Aurisina, Italy Women Singles","ITF Women"
"ITF Women Duino Aurisina, Italy Women Doubles","ITF Women"
"ITF Women Melbourne, Australia Women Singles","ITF Women"
"ITF Women Melbourne, Australia Women Doubles","ITF Women"
"ITF Women Santa Fe, Argentina Women Singles","ITF Women"
"ITF Women Santa Fe, Argentina Women Doubles","ITF Women"
"ITF Women Eastbourne, Great Britain Women Singles","ITF Women"
"ITF Women Eastbourne, Great Britain Women Doubles","ITF Women"
"ITF Women Grand Baie La Croisette, Mauritius Women Singles","ITF Women"
"ITF Women Grand Baie La Croisette, Mauritius Women Doubles","ITF Women"
"ITF Women Baton Rouge, USA Women Singles","ITF Women"
"ITF Women Baton Rouge, USA Women Doubles","ITF Women"
"ITF Women Kaohsiung, Chinese Taipei Women Singles","ITF Women"
"ITF Women Kaohsiung, Chinese Taipei Women Doubles","ITF Women"
"ITF Women Bursa, Turkey Women Singles","ITF Women"
"ITF Women Bursa, Turkey Women Doubles","ITF Women"
"ITF Women Graz, Austria Women Singles","ITF Women"
"ITF Women Graz, Austria Women Doubles","ITF Women"
"ITF Women Koper, Slovenia Women Singles","ITF Women"
"ITF Women Koper, Slovenia Women Doubles","ITF Women"
"ITF Women Cakovec, Croatia Women Singles","ITF Women"
"ITF Women Cakovec, Croatia Women Doubles","ITF Women"
"ITF Women Kiryat Gat, Israel Women Singles","ITF Women"
"ITF Women Kiryat Gat, Israel Women Doubles","ITF Women"
"ITF Women Tiberias, Israel Women Singles","ITF Women"
"ITF Women Tiberias, Israel Women Doubles","ITF Women"
"ITF Women San Carlos, Argentina Women Singles","ITF Women"
"ITF Women San Carlos, Argentina Women Doubles","ITF Women"
"ITF Women Kirkland, USA Women Singles","ITF Women"
"ITF Women Kirkland, USA Women Doubles","ITF Women"
"ITF Women Raipur, India Women Singles","ITF Women"
"ITF Women Raipur, India Women Doubles","ITF Women"
"ITF Women Bratislava, Slovakia Women Singles","ITF Women"
"ITF Women Bratislava, Slovakia Women Doubles","ITF Women"
"ITF Women Gulbarga, India Women Singles","ITF Women"
"ITF Women Gulbarga, India Women Doubles","ITF Women"
"ITF Women Tel Aviv-Ramat Gan, Israel Women Singles","ITF Women"
"ITF Women Tel Aviv-Ramat Gan, Israel Women Doubles","ITF Women"
"ITF Women Indore, India Women Singles","ITF Women"
"ITF Women Indore, India Women Doubles","ITF Women"
"ITF Djibouti 02A, Women Singles","ITF Women"
"ITF Djibouti 02A, Women Doubles","ITF Women"
"ITF USA 04A, Women Singles","ITF Women"
"ITF USA 04A, Women Doubles","ITF Women"
"ITF Hong Kong 04A, Women Singles","ITF Women"
"ITF Hong Kong 04A, Women Doubles","ITF Women"
"ITF Women Lins, Brazil Women Singles","ITF Women"
"ITF Women Lins, Brazil Women Doubles","ITF Women"
"ITF Women Bauru, Brazil Women Singles","ITF Women"
"ITF Women Bauru, Brazil Women Doubles","ITF Women"
"ITF Georgia 02A, Women Singles","ITF Women"
"ITF Georgia 02A, Women Doubles","ITF Women"
"ITF Russia 07A, Women Singles","ITF Women"
"ITF Russia 07A, Women Doubles","ITF Women"
"ITF Hungary 03A, Women Singles","ITF Women"
"ITF Hungary 03A, Women Doubles","ITF Women"
"ITF Spain 05A, Women Doubles","ITF Women"
"ITF Spain 05A, Women Singles","ITF Women"
"ITF Spain 07A, Women Singles","ITF Women"
"ITF Spain 07A, Women Doubles","ITF Women"
"ITF Women Baku, Azerbaijan Women Singles","ITF Women"
"ITF Women Baku, Azerbaijan Women Doubles","ITF Women"
"ITF Israel 03A, Women Singles","ITF Women"
"ITF Israel 03A, Women Doubles","ITF Women"
"ITF Hungary 05A, Women Singles","ITF Women"
"ITF Hungary 05A, Women Doubles","ITF Women"
"ITF Italy 15A, Women Singles","ITF Women"
"ITF Italy 15A, Women Doubles","ITF Women"
"ITF Portugal 03A, Women Singles","ITF Women"
"ITF Portugal 03A, Women Doubles","ITF Women"
"ITF Germany 06A, Women Singles","ITF Women"
"ITF Germany 06A, Women Doubles","ITF Women"
"ITF Portugal 19A, Women Singles","ITF Women"
"ITF Portugal 19A, Women Doubles","ITF Women"
"ITF China 15A, Women Singles","ITF Women"
"ITF China 15A, Women Doubles","ITF Women"
"ITF Spain 09A, Women Singles","ITF Women"
"ITF Spain 09A, Women Doubles","ITF Women"
"ITF Women Malatya, Turkey Women Singles","ITF Women"
"ITF Women Malatya, Turkey Women Doubles","ITF Women"
"ITF Women Slovenska Lupca, Slovakia Women Singles","ITF Women"
"ITF Women Slovenska Lupca, Slovakia Women Doubles","ITF Women"
"ITF Women Schoonhoven, Netherlands Women Singles","ITF Women"
"ITF Women Schoonhoven, Netherlands Women Doubles","ITF Women"
"ITF Women Stillwater, USA Women Singles","ITF Women"
"ITF Women Stillwater, USA Women Doubles","ITF Women"
"ITF Israel 06A, Women Singles","ITF Women"
"ITF Israel 06A, Women Doubles","ITF Women"
"ITF Women Chisinau, Moldova Women Singles","ITF Women"
"ITF Women Chisinau, Moldova Women Doubles","ITF Women"
"ITF Portugal 07A, Women Doubles","ITF Women"
"ITF Portugal 11A, Women Singles","ITF Women"
"ITF Portugal 11A, Women Doubles","ITF Women"
"ITF China 23A, Women Singles","ITF Women"
"ITF China 23A, Women Doubles","ITF Women"
"ITF China 24A, Women Singles","ITF Women"
"ITF China 24A, Women Doubles","ITF Women"
"ITF Great Britain 10A, Women Singles","ITF Women"
"ITF Great Britain 10A, Women Doubles","ITF Women"
"ITF Women Nashville, USA Women Singles","ITF Women"
"ITF Women Nashville, USA Women Doubles","ITF Women"
"ITF Italy 35A, Women Singles","ITF Women"
"ITF Italy 35A, Women Doubles","ITF Women"
"ITF India 05A, Women Singles","ITF Women"
"ITF India 05A, Women Doubles","ITF Women"
"ITF Spain 02A, Women Singles","ITF Women"
"ITF Spain 02A, Women Doubles","ITF Women"
"ITF Italy 01B, Women Singles","ITF Women"
"ITF Italy 01B, Women Doubles","ITF Women"
"ITF India 01A, Women Doubles","ITF Women"
"ITF India 01A, Women Singles","ITF Women"
"ITF Japan 01B, Women Singles","ITF Women"
"ITF Japan 01B, Women Doubles","ITF Women"
"ITF USA 08A, Women Singles","ITF Women"
"ITF USA 08A, Women Doubles","ITF Women"
"ITF Portugal 01A, Women Singles","ITF Women"
"ITF Portugal 01A, Women Doubles","ITF Women"
"ITF Hungary 02A, Women Singles","ITF Women"
"ITF Hungary 02A, Women Doubles","ITF Women"
"ITF Argentina 01A, Women Singles","ITF Women"
"ITF Argentina 01A, Women Doubles","ITF Women"
"ITF China 10A, Women Singles","ITF Women"
"ITF China 10A, Women Doubles","ITF Women"
"ITF Portugal 04A, Women Singles","ITF Women"
"ITF Portugal 04A, Women Doubles","ITF Women"
"ITF Portugal 05A, Women Singles","ITF Women"
"ITF Portugal 05A, Women Doubles","ITF Women"
"ITF Portugal 06A, Women Singles","ITF Women"
"ITF Portugal 06A, Women Doubles","ITF Women"
"ITF Czechia 01A, Women Singles","ITF Women"
"ITF Czechia 01A, Women Doubles","ITF Women"
"ITF Romania 01A, Women Singles","ITF Women"
"ITF Romania 01A, Women Doubles","ITF Women"
"ITF Hungary 04A, Women Singles","ITF Women"
"ITF Hungary 04A, Women Doubles","ITF Women"
"ITF USA 20A, Women Doubles","ITF Women"
"ITF USA 20A, Women Singles","ITF Women"
"ITF Belgium 03A, Women Singles","ITF Women"
"ITF Belgium 03A, Women Doubles","ITF Women"
"ITF Sweden 03A, Women Singles","ITF Women"
"ITF Sweden 03A, Women Doubles","ITF Women"
"ITF Great Britain 11A, Women Singles","ITF Women"
"ITF Great Britain 11A, Women Doubles","ITF Women"
"ITF Kazakhstan 05A, Women Singles","ITF Women"
"ITF Kazakhstan 05A, Women Doubles","ITF Women"
"ITF Czech Republic 03A, Women Singles","ITF Women"
"ITF Czech Republic 03A, Women Doubles","ITF Women"
"ITF Turkey 28A, Women Singles","ITF Women"
"ITF Turkey 28A, Women Doubles","ITF Women"
"ITF USA 22A, Women Singles","ITF Women"
"ITF USA 22A, Women Doubles","ITF Women"
"ITF Canada 05A, Women Singles","ITF Women"
"ITF Canada 05A, Women Doubles","ITF Women"
"ITF China 14A, Women Singles","ITF Women"
"ITF China 14A, Women Doubles","ITF Women"
"ITF Germany 10A, Women Singles","ITF Women"
"ITF Germany 10A, Women Doubles","ITF Women"
"ITF Italy 19A, Women Singles","ITF Women"
"ITF Italy 19A, Women Doubles","ITF Women"
"ITF Belgium 01A, Women Singles","ITF Women"
"ITF Belgium 01A, Women Doubles","ITF Women"
"ITF Egypt 21A, Women Singles","ITF Women"
"ITF Egypt 21A, Women Doubles","ITF Women"
"ITF Romania 05A, Women Singles","ITF Women"
"ITF Romania 05A, Women Doubles","ITF Women"
"ITF Spain 11A, Women Singles","ITF Women"
"ITF Spain 11A, Women Doubles","ITF Women"
"ITF Thailand 05A, Women Singles","ITF Women"
"ITF Thailand 05A, Women Doubles","ITF Women"
"ITF Czechia 04A, Women Singles","ITF Women"
"ITF Czechia 04A, Women Doubles","ITF Women"
"ITF Canada 06A, Women Singles","ITF Women"
"ITF Canada 06A, Women Doubles","ITF Women"
"ITF USA 26A, Women Singles","ITF Women"
"ITF USA 26A, Women Doubles","ITF Women"
"ITF Germany 11A, Women Singles","ITF Women"
"ITF Germany 11A, Women Doubles","ITF Women"
"ITF Thailand 06A, Women Singles","ITF Women"
"ITF Thailand 06A, Women Doubles","ITF Women"
"ITF Brazil 07A, Women Singles","ITF Women"
"ITF Brazil 07A, Women Doubles","ITF Women"
"ITF Egypt 22A, Women Singles","ITF Women"
"ITF Egypt 22A, Women Doubles","ITF Women"
"ITF Estonia 01A, Women Singles","ITF Women"
"ITF Estonia 01A, Women Doubles","ITF Women"
"ITF Finland 01A, Women Singles","ITF Women"
"ITF Finland 01A, Women Doubles","ITF Women"
"ITF France 20A, Women Singles","ITF Women"
"ITF France 20A, Women Doubles","ITF Women"
"ITF Ireland 01A, Women Singles","ITF Women"
"ITF Ireland 01A, Women Doubles","ITF Women"
"ITF Italy 20A, Women Singles","ITF Women"
"ITF Italy 20A, Women Doubles","ITF Women"
"ITF Romania 06A, Women Singles","ITF Women"
"ITF Romania 06A, Women Doubles","ITF Women"
"ITF USA 27A, Women Singles","ITF Women"
"ITF USA 27A, Women Doubles","ITF Women"
"ITF Ukraine 01A, Women Singles","ITF Women"
"ITF Ukraine 01A, Women Doubles","ITF Women"
"ITF USA 23A, Women Singles","ITF Women"
"ITF USA 23A, Women Doubles","ITF Women"
"ITF Germany 12A, Women Singles","ITF Women"
"ITF Germany 12A, Women Doubles","ITF Women"
"ITF Great Britain 12A, Women Singles","ITF Women"
"ITF Great Britain 12A, Women Doubles","ITF Women"
"ITF Spain 14A, Women Singles","ITF Women"
"ITF Spain 14A, Women Doubles","ITF Women"
"ITF USA 24A, Women Singles","ITF Women"
"ITF USA 24A, Women Doubles","ITF Women"
"ITF Egypt 23A, Women Singles","ITF Women"
"ITF Egypt 23A, Women Doubles","ITF Women"
"ITF Finland 02A, Women Doubles","ITF Women"
"ITF Finland 02A, Women Singles","ITF Women"
"ITF Romania 07A, Women Singles","ITF Women"
"ITF Romania 07A, Women Doubles","ITF Women"
"ITF Thailand 10A, Women Singles","ITF Women"
"ITF Thailand 10A, Women Doubles","ITF Women"
"ITF Turkiye 27A, Women Doubles","ITF Women"
"ITF Turkiye 27A, Women Singles","ITF Women"
"ITF Portugal 09A, Women Doubles","ITF Women"
"ITF Portugal 09A, Women Singles","ITF Women"
"ITF Portugal 07A, Women Singles","ITF Women"
"ITF Poland 03A, Women Singles","ITF Women"
"ITF Poland 03A, Women Doubles","ITF Women"
"ITF Germany 07A, Women Singles","ITF Women"
"ITF Germany 07A, Women Doubles","ITF Women"
"ITF Belgium 04A, Women Singles","ITF Women"
"ITF Belgium 04A, Women Doubles","ITF Women"
"ITF Great Britain 13A, Women Singles","ITF Women"
"ITF Great Britain 13A, Women Doubles","ITF Women"
"ITF USA 25A, Women Singles","ITF Women"
"ITF USA 25A, Women Doubles","ITF Women"
"ITF Austria 01A, Women Singles","ITF Women"
"ITF Austria 01A, Women Doubles","ITF Women"
"ITF Romania 08A, Women Singles","ITF Women"
"ITF Romania 08A, Women Doubles","ITF Women"
"ITF Russia 05A, Women Singles","ITF Women"
"ITF Russia 05A, Women Doubles","ITF Women"
"ITF Spain 12A, Women Singles","ITF Women"
"ITF Spain 12A, Women Doubles","ITF Women"
"ITF Thailand 11A, Women Doubles","ITF Women"
"ITF Thailand 11A, Women Singles","ITF Women"
"ITF Turkey 28B, Women Singles","ITF Women"
"ITF Turkey 28B, Women Doubles","ITF Women"
"ITF Italy 22A, Women Singles","ITF Women"
"ITF Italy 22A, Women Doubles","ITF Women"
"ITF Spain 07B, Women Singles","ITF Women"
"ITF Poland 04A, Women Singles","ITF Women"
"ITF Poland 04A, Women Doubles","ITF Women"
"ITF Spain 07B, Women Doubles","ITF Women"
"ITF Canada 01A, Women Singles","ITF Women"
"ITF Canada 01A, Women Doubles","ITF Women"
"ITF Germany 13A, Women Singles","ITF Women"
"ITF Germany 13A, Women Doubles","ITF Women"
"ITF Switzerland 03A, Women Singles","ITF Women"
"ITF Switzerland 03A, Women Doubles","ITF Women"
"ITF Thailand 12A, Women Singles","ITF Women"
"ITF Thailand 12A, Women Doubles","ITF Women"
"ITF Austria 02A, Women Singles","ITF Women"
"ITF Austria 02A, Women Doubles","ITF Women"
"ITF Netherlands 04A, Women Singles","ITF Women"
"ITF Netherlands 04A, Women Doubles","ITF Women"
"ITF Russia 06A, Women Singles","ITF Women"
"ITF Russia 06A, Women Doubles","ITF Women"
"ITF Spain 13A, Women Singles","ITF Women"
"ITF Spain 13A, Women Doubles","ITF Women"
"ITF Turkiye 30A, Women Singles","ITF Women"
"ITF Turkiye 30A, Women Doubles","ITF Women"
"ITF Poland 05A, Women Singles","ITF Women"
"ITF Poland 05A, Women Doubles","ITF Women"
"ITF Germany 14A, Women Singles","ITF Women"
"ITF Germany 14A, Women Doubles","ITF Women"
"ITF Hungary 06A, Women Singles","ITF Women"
"ITF Hungary 06A, Women Doubles","ITF Women"
"ITF Japan 09A, Women Singles","ITF Women"
"ITF Japan 09A, Women Doubles","ITF Women"
"ITF Belgium 05A, Women Singles","ITF Women"
"ITF Belgium 05A, Women Doubles","ITF Women"
"ITF Italy 23A, Women Singles","ITF Women"
"ITF Italy 23A, Women Doubles","ITF Women"
"ITF Netherlands 05A, Women Singles","ITF Women"
"ITF Netherlands 05A, Women Doubles","ITF Women"
"ITF Romania 09A, Women Singles","ITF Women"
"ITF Romania 09A, Women Doubles","ITF Women"
"ITF Serbia 04A, Women Singles","ITF Women"
"ITF Serbia 04A, Women Doubles","ITF Women"
"ITF Switzerland 04A, Women Singles","ITF Women"
"ITF Switzerland 04A, Women Doubles","ITF Women"
"ITF Poland 06A, Women Singles","ITF Women"
"ITF Poland 06A, Women Doubles","ITF Women"
"ITF Belgium 06A, Women Singles","ITF Women"
"ITF Belgium 06A, Women Doubles","ITF Women"
"ITF Japan 09B, Women Singles","ITF Women"
"ITF Japan 09B, Women Doubles","ITF Women"
"ITF Hungary 07A, Women Singles","ITF Women"
"ITF Hungary 07A, Women Doubles","ITF Women"
"ITF Italy 24A, Women Singles","ITF Women"
"ITF Italy 24A, Women Doubles","ITF Women"
"ITF Kazakhstan 06A, Women Singles","ITF Women"
"ITF Kazakhstan 06A, Women Doubles","ITF Women"
"ITF Romania 10A, Women Singles","ITF Women"
"ITF Romania 10A, Women Doubles","ITF Women"
"ITF Czechia 05A, Women Singles","ITF Women"
"ITF Czechia 05A, Women Doubles","ITF Women"
"ITF South Korea 08A, Women Singles","ITF Women"
"ITF South Korea 08A, Women Doubles","ITF Women"
"ITF Netherlands 06A, Women Singles","ITF Women"
"ITF Netherlands 06A, Women Doubles","ITF Women"
"ITF Switzerland 05A, Women Singles","ITF Women"
"ITF Switzerland 05A, Women Doubles","ITF Women"
"ITF Turkiye 29A, Women Singles","ITF Women"
"ITF Turkiye 29A, Women Doubles","ITF Women"
"ITF Women Nanao, Japan Women Doubles","ITF Women"
"ITF Germany 15A, Women Singles","ITF Women"
"ITF Germany 15A, Women Doubles","ITF Women"
"ITF Hungary 08A, Women Singles","ITF Women"
"ITF Hungary 08A, Women Doubles","ITF Women"
"ITF Bulgaria 01A, Women Singles","ITF Women"
"ITF Bulgaria 01A, Women Doubles","ITF Women"
"ITF Czechia 06A, Women Singles","ITF Women"
"ITF Czechia 06A, Women Doubles","ITF Women"
"ITF Egypt 24A, Women Singles","ITF Women"
"ITF Egypt 24A, Women Doubles","ITF Women"
"ITF Italy 25A, Women Singles","ITF Women"
"ITF Italy 25A, Women Doubles","ITF Women"
"ITF Japan 10A, Women Singles","ITF Women"
"ITF Japan 10A, Women Doubles","ITF Women"
"ITF South Korea 09A, Women Singles","ITF Women"
"ITF South Korea 09A, Women Doubles","ITF Women"
"ITF Tunisia 25A, Women Singles","ITF Women"
"ITF Tunisia 25A, Women Doubles","ITF Women"
"ITF Turkey 30B, Women Singles","ITF Women"
"ITF Turkey 30B, Women Doubles","ITF Women"
"ITF Hungary 09A, Women Singles","ITF Women"
"ITF Hungary 09A, Women Doubles","ITF Women"
"ITF France 17A, Women Singles","ITF Women"
"ITF France 17A, Women Doubles","ITF Women"
"ITF USA 29A, Women Singles","ITF Women"
"ITF USA 29A, Women Doubles","ITF Women"
"ITF China 19A, Women Doubles","ITF Women"
"ITF China 19A, Women Singles","ITF Women"
"ITF Georgia 03A, Women Singles","ITF Women"
"ITF Georgia 03A, Women Doubles","ITF Women"
"ITF Italy 26A, Women Singles","ITF Women"
"ITF Italy 26A, Women Doubles","ITF Women"
"ITF USA 28A, Women Singles","ITF Women"
"ITF USA 28A, Women Doubles","ITF Women"
"ITF Argentina 03A, Women Singles","ITF Women"
"ITF Argentina 03A, Women Doubles","ITF Women"
"ITF Turkiye 31A, Women Singles","ITF Women"
"ITF Turkiye 31A, Women Doubles","ITF Women"
"ITF Czech Republic 07A, Women Singles","ITF Women"
"ITF Czech Republic 07A, Women Doubles","ITF Women"
"ITF Tunisia 26A, Women Singles","ITF Women"
"ITF Tunisia 26A, Women Doubles","ITF Women"
"ITF Thailand 07A, Women Singles","ITF Women"
"ITF Thailand 07A, Women Doubles","ITF Women"
"ITF Egypt 25A, Women Singles","ITF Women"
"ITF Egypt 25A, Women Doubles","ITF Women"
"ITF Australia 09A, Women Singles","ITF Women"
"ITF Australia 09A, Women Doubles","ITF Women"
"ITF France 18A, Women Singles","ITF Women"
"ITF France 18A, Women Doubles","ITF Women"
"ITF Russia 04A, Women Singles","ITF Women"
"ITF Russia 04A, Women Doubles","ITF Women"
"ITF Mexico 02A, Women Singles","ITF Women"
"ITF Mexico 02A, Women Doubles","ITF Women"
"ITF USA 30A, Women Singles","ITF Women"
"ITF USA 30A, Women Doubles","ITF Women"
"ITF Italy 27A, Women Singles","ITF Women"
"ITF Italy 27A, Women Doubles","ITF Women"
"ITF Montenegro 01A, Women Singles","ITF Women"
"ITF Montenegro 01A, Women Doubles","ITF Women"
"ITF USA 31A, Women Singles","ITF Women"
"ITF USA 31A, Women Doubles","ITF Women"
"ITF Bulgaria 03A, Women Singles","ITF Women"
"ITF Bulgaria 03A, Women Doubles","ITF Women"
"ITF Egypt 26A, Women Singles","ITF Women"
"ITF Egypt 26A, Women Doubles","ITF Women"
"ITF Kazakhstan 07A, Women Singles","ITF Women"
"ITF Kazakhstan 07A, Women Doubles","ITF Women"
"ITF Spain 15A, Women Singles","ITF Women"
"ITF Spain 15A, Women Doubles","ITF Women"
"ITF Thailand 08A, Women Singles","ITF Women"
"ITF Thailand 08A, Women Doubles","ITF Women"
"ITF Tunisia 27A, Women Singles","ITF Women"
"ITF Tunisia 27A, Women Doubles","ITF Women"
"ITF Turkiye 32A, Women Singles","ITF Women"
"ITF Turkiye 32A, Women Doubles","ITF Women"
"ITF Ukraine 02A, Women Singles","ITF Women"
"ITF Ukraine 02A, Women Doubles","ITF Women"
"ITF France 23A, Women Singles","ITF Women"
"ITF France 23A, Women Doubles","ITF Women"
"ITF Women Penrith, Australia Women Doubles","ITF Women"
"ITF Lebanon 01A, Women Singles","ITF Women"
"ITF Lebanon 01A, Women Doubles","ITF Women"
"ITF Ukraine 03A, Women Singles","ITF Women"
"ITF Ukraine 03A, Women Doubles","ITF Women"
"ITF USA 32A, Women Singles","ITF Women"
"ITF USA 32A, Women Doubles","ITF Women"
"ITF Australia 10A, Women Singles","ITF Women"
"ITF Australia 10A, Women Doubles","ITF Women"
"ITF Italy 28A, Women Singles","ITF Women"
"ITF Italy 28A, Women Doubles","ITF Women"
"ITF Thailand 09A, Women Singles","ITF Women"
"ITF Thailand 09A, Women Doubles","ITF Women"
"ITF USA 33A, Women Singles","ITF Women"
"ITF USA 33A, Women Doubles","ITF Women"
"ITF Czech Republic 08A, Women Singles","ITF Women"
"ITF Czech Republic 08A, Women Doubles","ITF Women"
"ITF Egypt 27A, Women Singles","ITF Women"
"ITF Egypt 27A, Women Doubles","ITF Women"
"ITF Kazakhstan 08A, Women Singles","ITF Women"
"ITF Kazakhstan 08A, Women Doubles","ITF Women"
"ITF Spain 16A, Women Singles","ITF Women"
"ITF Spain 16A, Women Doubles","ITF Women"
"ITF Tunisia 28A, Women Singles","ITF Women"
"ITF Tunisia 28A, Women Doubles","ITF Women"
"ITF Turkiye 33A, Women Singles","ITF Women"
"ITF Turkiye 33A, Women Doubles","ITF Women"
"ITF USA 34A, Women Singles","ITF Women"
"ITF USA 34A, Women Doubles","ITF Women"
"ITF Lebanon 02A, Women Singles","ITF Women"
"ITF Lebanon 02A, Women Doubles","ITF Women"
"ITF Sri Lanka 01A, Women Singles","ITF Women"
"ITF Sri Lanka 01A, Women Doubles","ITF Women"
"ITF Spain 17A, Women Singles","ITF Women"
"ITF Spain 17A, Women Doubles","ITF Women"
"ITF Australia 11A, Women Singles","ITF Women"
"ITF Australia 11A, Women Doubles","ITF Women"
"ITF Italy 29A, Women Singles","ITF Women"
"ITF Italy 29A, Women Doubles","ITF Women"
"ITF Argentina 04A, Women Singles","ITF Women"
"ITF Argentina 04A, Women Doubles","ITF Women"
"ITF Bulgaria 04A, Women Singles","ITF Women"
"ITF Bulgaria 04A, Women Doubles","ITF Women"
"ITF Egypt 28A, Women Singles","ITF Women"
"ITF Egypt 28A, Women Doubles","ITF Women"
"ITF Portugal 15A, Women Singles","ITF Women"
"ITF Portugal 15A, Women Doubles","ITF Women"
"ITF Thailand 13A, Women Singles","ITF Women"
"ITF Thailand 13A, Women Doubles","ITF Women"
"ITF Tunisia 29A, Women Singles","ITF Women"
"ITF Tunisia 29A, Women Doubles","ITF Women"
"ITF Turkiye 34A, Women Singles","ITF Women"
"ITF Turkiye 34A, Women Doubles","ITF Women"
"ITF USA 35A, Women Singles","ITF Women"
"ITF USA 35A, Women Doubles","ITF Women"
"ITF Sri Lanka 02A, Women Singles","ITF Women"
"ITF France 24A, Women Singles","ITF Women"
"ITF France 24A, Women Doubles","ITF Women"
"ITF Sri Lanka 02A, Women Doubles","ITF Women"
"ITF Turkiye 35A, Women Singles","ITF Women"
"ITF Turkiye 35A, Women Doubles","ITF Women"
"ITF Tunisia 30A, Women Singles","ITF Women"
"ITF Tunisia 30A, Women Doubles","ITF Women"
"ITF Thailand 14A, Women Singles","ITF Women"
"ITF Thailand 14A, Women Doubles","ITF Women"
"ITF Egypt 29A, Women Singles","ITF Women"
"ITF Egypt 29A, Women Doubles","ITF Women"
"ITF Argentina 05A, Women Singles","ITF Women"
"ITF Argentina 05A, Women Doubles","ITF Women"
"ITF USA 36A, Women Singles","ITF Women"
"ITF USA 36A, Women Doubles","ITF Women"
"ITF Spain 18A, Women Singles","ITF Women"
"ITF Spain 18A, Women Doubles","ITF Women"
"ITF Portugal 12A, Women Singles","ITF Women"
"ITF Portugal 12A, Women Doubles","ITF Women"
"ITF Nigeria 01A, Women Singles","ITF Women"
"ITF Nigeria 01A, Women Doubles","ITF Women"
"ITF Japan 11A, Women Singles","ITF Women"
"ITF Japan 11A, Women Doubles","ITF Women"
"ITF Italy 30A, Women Singles","ITF Women"
"ITF Italy 30A, Women Doubles","ITF Women"
"ITF Australia 12A, Women Singles","ITF Women"
"ITF Australia 12A, Women Doubles","ITF Women"
"ITF Sri Lanka 03A, Women Singles","ITF Women"
"ITF Sri Lanka 03A, Women Doubles","ITF Women"
"ITF Spain 18B, Women Singles","ITF Women"
"ITF Spain 18B, Women Doubles","ITF Women"
"ITF China 16A, Women Singles","ITF Women"
"ITF China 16A, Women Doubles","ITF Women"
"ITF France 25A, Women Singles","ITF Women"
"ITF France 25A, Women Doubles","ITF Women"
"ITF Japan 12A, Women Singles","ITF Women"
"ITF Japan 12A, Women Doubles","ITF Women"
"ITF Italy 31A, Women Singles","ITF Women"
"ITF Italy 31A, Women Doubles","ITF Women"
"ITF Nigeria 02A, Women Singles","ITF Women"
"ITF Nigeria 02A, Women Doubles","ITF Women"
"ITF Portugal 13A, Women Doubles","ITF Women"
"ITF Portugal 13A, Women Singles","ITF Women"
"ITF USA 37A, Women Singles","ITF Women"
"ITF USA 37A, Women Doubles","ITF Women"
"ITF Egypt 30A, Women Singles","ITF Women"
"ITF Egypt 30A, Women Doubles","ITF Women"
"ITF Tunisia 31A, Women Singles","ITF Women"
"ITF Tunisia 31A, Women Doubles","ITF Women"
"ITF Turkiye 36A, Women Singles","ITF Women"
"ITF Turkiye 36A, Women Doubles","ITF Women"
"ITF Hong Kong 01A, Women Singles","ITF Women"
"ITF Hong Kong 01A, Women Doubles","ITF Women"
"ITF USA 01A, Women Singles","ITF Women"
"ITF USA 01A, Women Doubles","ITF Women"
"ITF France 01A, Women Singles","ITF Women"
"ITF France 01A, Women Doubles","ITF Women"
"ITF Tunisia 01A, Women Singles","ITF Women"
"ITF Tunisia 01A, Women Doubles","ITF Women"
"ITF France 21A, Women Singles","ITF Women"
"ITF France 21A, Women Doubles","ITF Women"
"ITF USA 38A, Women Singles","ITF Women"
"ITF USA 38A, Women Doubles","ITF Women"
"ITF Canada 07A, Women Singles","ITF Women"
"ITF Canada 07A, Women Doubles","ITF Women"
"ITF China 17A, Women Singles","ITF Women"
"ITF China 17A, Women Doubles","ITF Women"
"ITF Italy 32A, Women Singles","ITF Women"
"ITF Italy 32A, Women Doubles","ITF Women"
"ITF Portugal 14A, Women Singles","ITF Women"
"ITF Portugal 14A, Women Doubles","ITF Women"
"ITF Turkiye 37A, Women Singles","ITF Women"
"ITF Turkiye 37A, Women Doubles","ITF Women"
"ITF Egypt 31A, Women Singles","ITF Women"
"ITF Egypt 31A, Women Doubles","ITF Women"
"ITF Great Britain 14A, Women Singles","ITF Women"
"ITF Great Britain 14A, Women Doubles","ITF Women"
"ITF Greece 06A, Women Singles","ITF Women"
"ITF Greece 06A, Women Doubles","ITF Women"
"ITF Paraguay 01B, Women Singles","ITF Women"
"ITF Paraguay 01B, Women Doubles","ITF Women"
"ITF Sweden 04A, Women Singles","ITF Women"
"ITF Sweden 04A, Women Doubles","ITF Women"
"ITF Tunisia 32A, Women Singles","ITF Women"
"ITF Tunisia 32A, Women Doubles","ITF Women"
"ITF Turkey 01A, Women Singles","ITF Women"
"ITF Turkey 01A, Women Doubles","ITF Women"
"ITF USA 02A, Women Singles","ITF Women"
"ITF USA 02A, Women Doubles","ITF Women"
"ITF Egypt 01A, Women Singles","ITF Women"
"ITF Egypt 01A, Women Doubles","ITF Women"
"ITF France 02A, Women Singles","ITF Women"
"ITF France 02A, Women Doubles","ITF Women"
"ITF Germany 01A, Women Singles","ITF Women"
"ITF Germany 01A, Women Doubles","ITF Women"
"ITF Tunisia 02A, Women Singles","ITF Women"
"ITF Tunisia 02A, Women Doubles","ITF Women"
"ITF Turkey 02A, Women Singles","ITF Women"
"ITF Turkey 02A, Women Doubles","ITF Women"
"ITF France 05A, Women Singles","ITF Women"
"ITF France 05A, Women Doubles","ITF Women"
"ITF USA 03A, Women Singles","ITF Women"
"ITF USA 03A, Women Doubles","ITF Women"
"ITF Egypt 02A, Women Singles","ITF Women"
"ITF Egypt 02A, Women Doubles","ITF Women"
"ITF France 03A, Women Singles","ITF Women"
"ITF France 03A, Women Doubles","ITF Women"
"ITF Kazakhstan 01A, Women Singles","ITF Women"
"ITF Kazakhstan 01A, Women Doubles","ITF Women"
"ITF USA 39A, Women Singles","ITF Women"
"ITF USA 39A, Women Doubles","ITF Women"
"ITF Australia 07A, Women Singles","ITF Women"
"ITF Australia 07A, Women Doubles","ITF Women"
"ITF Canada 04A, Women Singles","ITF Women"
"ITF Canada 04A, Women Doubles","ITF Women"
"ITF France 22A, Women Singles","ITF Women"
"ITF France 22A, Women Doubles","ITF Women"
"ITF Spain 19A, Women Singles","ITF Women"
"ITF Spain 19A, Women Doubles","ITF Women"
"ITF Colombia 01A, Women Singles","ITF Women"
"ITF Colombia 01A, Women Doubles","ITF Women"
"ITF Great Britain 15A, Women Singles","ITF Women"
"ITF Great Britain 15A, Women Doubles","ITF Women"
"ITF Luxembourg 01A, Women Singles","ITF Women"
"ITF Luxembourg 01A, Women Doubles","ITF Women"
"ITF Morocco 01A, Women Singles","ITF Women"
"ITF Morocco 01A, Women Doubles","ITF Women"
"ITF Paraguay 01A, Women Singles","ITF Women"
"ITF Paraguay 01A, Women Doubles","ITF Women"
"ITF Sweden 05A, Women Singles","ITF Women"
"ITF Sweden 05A, Women Doubles","ITF Women"
"ITF Italy 33A, Women Singles","ITF Women"
"ITF Italy 33A, Women Doubles","ITF Women"
"ITF Egypt 32A, Women Singles","ITF Women"
"ITF Egypt 32A, Women Doubles","ITF Women"
"ITF Greece 07A, Women Singles","ITF Women"
"ITF Greece 07A, Women Doubles","ITF Women"
"ITF Tunisia 33A, Women Singles","ITF Women"
"ITF Tunisia 33A, Women Doubles","ITF Women"
"ITF Turkiye 38A, Women Singles","ITF Women"
"ITF Turkiye 38A, Women Doubles","ITF Women"
"ITF Morocco 02A, Women Singles","ITF Women"
"ITF Morocco 02A, Women Doubles","ITF Women"
"ITF Paraguay 02A, Women Singles","ITF Women"
"ITF Paraguay 02A, Women Doubles","ITF Women"
"ITF Tunisia 03A, Women Singles","ITF Women"
"ITF Tunisia 03A, Women Doubles","ITF Women"
"ITF Turkey 03A, Women Singles","ITF Women"
"ITF Turkey 03A, Women Doubles","ITF Women"
"ITF China 18B, Women Singles","ITF Women"
"ITF China 18B, Women Doubles","ITF Women"
"ITF Japan 14A, Women Singles","ITF Women"
"ITF Japan 14A, Women Doubles","ITF Women"
"ITF USA 40A, Women Singles","ITF Women"
"ITF USA 40A, Women Doubles","ITF Women"
"ITF Australia 08A, Women Singles","ITF Women"
"ITF Australia 08A, Women Doubles","ITF Women"
"ITF Great Britain 16A, Women Singles","ITF Women"
"ITF Great Britain 16A, Women Doubles","ITF Women"
"ITF India 03A, Women Singles","ITF Women"
"ITF India 03A, Women Doubles","ITF Women"
"ITF Colombia 02A, Women Singles","ITF Women"
"ITF Colombia 02A, Women Doubles","ITF Women"
"ITF Egypt 33A, Women Singles","ITF Women"
"ITF Egypt 33A, Women Doubles","ITF Women"
"ITF Greece 08A, Women Singles","ITF Women"
"ITF Greece 08A, Women Doubles","ITF Women"
"ITF Italy 34A, Women Doubles","ITF Women"
"ITF Italy 34A, Women Singles","ITF Women"
"ITF Spain 20A, Women Singles","ITF Women"
"ITF Spain 20A, Women Doubles","ITF Women"
"ITF Tunisia 34A, Women Singles","ITF Women"
"ITF Tunisia 34A, Women Doubles","ITF Women"
"ITF Turkey 39A, Women Singles","ITF Women"
"ITF Turkey 39A, Women Doubles","ITF Women"
"ITF Australia 03A, Women Singles","ITF Women"
"ITF Australia 03A, Women Doubles","ITF Women"
"ITF Brazil 01A, Women Singles","ITF Women"
"ITF Brazil 01A, Women Doubles","ITF Women"
"ITF Australia 01C, Women Singles","ITF Women"
"ITF Australia 01C, Women Doubles","ITF Women"
"ITF China 03A, Women Singles","ITF Women"
"ITF China 03A, Women Doubles","ITF Women"
"ITF France 04A, Women Singles","ITF Women"
"ITF France 04A, Women Doubles","ITF Women"
"ITF Morocco 03A, Women Singles","ITF Women"
"ITF Morocco 03A, Women Doubles","ITF Women"
"ITF USA 41A, Women Singles","ITF Women"
"ITF USA 41A, Women Doubles","ITF Women"
"ITF Egypt 03A, Women Singles","ITF Women"
"ITF Egypt 03A, Women Doubles","ITF Women"
"ITF Great Britain 01A, Women Singles","ITF Women"
"ITF Great Britain 01A, Women Doubles","ITF Women"
"ITF Kazakhstan 02A, Women Singles","ITF Women"
"ITF Kazakhstan 02A, Women Doubles","ITF Women"
"ITF Tunisia 04A, Women Singles","ITF Women"
"ITF Tunisia 04A, Women Doubles","ITF Women"
"ITF Turkey 04A, Women Singles","ITF Women"
"ITF Turkey 04A, Women Doubles","ITF Women"
"ITF Australia 02B, Women Singles","ITF Women"
"ITF Australia 02B, Women Doubles","ITF Women"
"ITF Egypt 04A, Women Singles","ITF Women"
"ITF Egypt 04A, Women Doubles","ITF Women"
"ITF Great Britain 06A, Women Singles","ITF Women"
"ITF Great Britain 06A, Women Doubles","ITF Women"
"ITF Slovakia 01A, Women Singles","ITF Women"
"ITF Slovakia 01A, Women Doubles","ITF Women"
"ITF Spain 01A, Women Singles","ITF Women"
"ITF Spain 01A, Women Doubles","ITF Women"
"ITF Tunisia 05A, Women Singles","ITF Women"
"ITF Tunisia 05A, Women Doubles","ITF Women"
"ITF Turkey 05A, Women Singles","ITF Women"
"ITF Turkey 05A, Women Doubles","ITF Women"
"ITF Australia 01A, Women Singles","ITF Women"
"ITF Australia 01A, Women Doubles","ITF Women"
"ITF Germany 02A, Women Singles","ITF Women"
"ITF Germany 02A, Women Doubles","ITF Women"
"ITF USA 05A, Women Singles","ITF Women"
"ITF USA 05A, Women Doubles","ITF Women"
"ITF China 01A, Women Singles","ITF Women"
"ITF China 01A, Women Doubles","ITF Women"
"ITF Japan 13A, Women Singles","ITF Women"
"ITF Japan 13A, Women Doubles","ITF Women"
"ITF Poland 07A, Women Singles","ITF Women"
"ITF Poland 07A, Women Doubles","ITF Women"
"ITF Senegal 01A, Women Singles","ITF Women"
"ITF Senegal 01A, Women Doubles","ITF Women"
"ITF Egypt 34A, Women Singles","ITF Women"
"ITF Egypt 34A, Women Doubles","ITF Women"
"ITF Finland 03A, Women Singles","ITF Women"
"ITF Finland 03A, Women Doubles","ITF Women"
"ITF Greece 09A, Women Singles","ITF Women"
"ITF Greece 09A, Women Doubles","ITF Women"
"ITF Norway 01A, Women Singles","ITF Women"
"ITF Norway 01A, Women Doubles","ITF Women"
"ITF Spain 21A, Women Singles","ITF Women"
"ITF Spain 21A, Women Doubles","ITF Women"
"ITF Tunisia 35A, Women Singles","ITF Women"
"ITF Tunisia 35A, Women Doubles","ITF Women"
"ITF Turkey 40A, Women Singles","ITF Women"
"ITF Turkey 40A, Women Doubles","ITF Women"
"ITF Egypt 05A, Women Singles","ITF Women"
"ITF Egypt 05A, Women Doubles","ITF Women"
"ITF Great Britain 07A, Women Singles","ITF Women"
"ITF Great Britain 07A, Women Doubles","ITF Women"
"ITF Tunisia 06A, Women Singles","ITF Women"
"ITF Tunisia 06A, Women Doubles","ITF Women"
"ITF Australia 02A, Women Singles","ITF Women"
"ITF Australia 02A, Women Doubles","ITF Women"
"ITF Russia 01A, Women Singles","ITF Women"
"ITF Russia 01A, Women Doubles","ITF Women"
"ITF USA 06A, Women Singles","ITF Women"
"ITF USA 06A, Women Doubles","ITF Women"
"ITF China 02A, Women Singles","ITF Women"
"ITF China 02A, Women Doubles","ITF Women"
"ITF Egypt 06A, Women Singles","ITF Women"
"ITF Egypt 06A, Women Doubles","ITF Women"
"ITF Spain 03A, Women Singles","ITF Women"
"ITF Spain 03A, Women Doubles","ITF Women"
"ITF Tunisia 07A, Women Singles","ITF Women"
"ITF Tunisia 07A, Women Doubles","ITF Women"
"ITF Turkey 06A, Women Singles","ITF Women"
"ITF Turkey 06A, Women Doubles","ITF Women"
"ITF Turkey 07A, Women Singles","ITF Women"
"ITF Turkey 07A, Women Doubles","ITF Women"
"ITF Spain 24A, Women Singles","ITF Women"
"ITF Spain 24A, Women Doubles","ITF Women"
"ITF Belarus 03A, Women Singles","ITF Women"
"ITF Belarus 03A, Women Doubles","ITF Women"
"ITF Egypt 35A, Women Singles","ITF Women"
"ITF Egypt 35A, Women Doubles","ITF Women"
"ITF Greece 10A, Women Singles","ITF Women"
"ITF Greece 10A, Women Doubles","ITF Women"
"ITF South Africa 01A, Women Singles","ITF Women"
"ITF South Africa 01A, Women Doubles","ITF Women"
"ITF Tunisia 36A, Women Singles","ITF Women"
"ITF Tunisia 36A, Women Doubles","ITF Women"
"ITF Turkey 41A, Women Singles","ITF Women"
"ITF Turkey 41A, Women Doubles","ITF Women"
"ITF Brazil 09B, Women Singles","ITF Women"
"ITF Brazil 09B, Women Doubles","ITF Women"
"ITF Ecuador 01A, Women Singles","ITF Women"
"ITF Ecuador 01A, Women Doubles","ITF Women"
"ITF Czech Republic 09A, Women Singles","ITF Women"
"ITF Czech Republic 09A, Women Doubles","ITF Women"
"ITF Chile 01A, Women Singles","ITF Women"
"ITF Chile 01A, Women Doubles","ITF Women"
"ITF Egypt 36A, Women Singles","ITF Women"
"ITF Egypt 36A, Women Doubles","ITF Women"
"ITF India 07A, Women Singles","ITF Women"
"ITF India 07A, Women Doubles","ITF Women"
"ITF South Africa 02A, Women Singles","ITF Women"
"ITF South Africa 02A, Women Doubles","ITF Women"
"ITF Spain 22A, Women Singles","ITF Women"
"ITF Spain 22A, Women Doubles","ITF Women"
"ITF Tunisia 37A, Women Singles","ITF Women"
"ITF Tunisia 37A, Women Doubles","ITF Women"
"ITF Turkey 42A, Women Singles","ITF Women"
"ITF Turkey 42A, Women Doubles","ITF Women"
"ITF Egypt 07A, Women Singles","ITF Women"
"ITF Egypt 07A, Women Doubles","ITF Women"
"ITF France 04B, Women Singles","ITF Women"
"ITF France 04B, Women Doubles","ITF Women"
"ITF Spain 04A, Women Singles","ITF Women"
"ITF Spain 04A, Women Doubles","ITF Women"
"ITF Tunisia 08A, Women Singles","ITF Women"
"ITF Tunisia 08A, Women Doubles","ITF Women"
"ITF Turkey 08A, Women Singles","ITF Women"
"ITF Turkey 08A, Women Doubles","ITF Women"
"ITF China 03C, Women Singles","ITF Women"
"ITF China 03C, Women Doubles","ITF Women"
"ITF Australia 04A, Women Singles","ITF Women"
"ITF Australia 04A, Women Doubles","ITF Women"
"ITF Brazil 02A, Women Singles","ITF Women"
"ITF Brazil 02A, Women Doubles","ITF Women"
"ITF France 09A, Women Singles","ITF Women"
"ITF France 09A, Women Doubles","ITF Women"
"ITF Egypt 08A, Women Singles","ITF Women"
"ITF Egypt 08A, Women Doubles","ITF Women"
"ITF Greece 01A, Women Singles","ITF Women"
"ITF Greece 01A, Women Doubles","ITF Women"
"ITF Italy 03A, Women Singles","ITF Women"
"ITF Italy 03A, Women Doubles","ITF Women"
"ITF Tunisia 09A, Women Singles","ITF Women"
"ITF Tunisia 09A, Women Doubles","ITF Women"
"ITF Turkey 09A, Women Singles","ITF Women"
"ITF Turkey 12A, Women Singles","ITF Women"
"ITF Turkey 12A, Women Doubles","ITF Women"
"ITF Turkey 09A, Women Doubles","ITF Women"
"ITF Tunisia 13A, Women Singles","ITF Women"
"ITF Tunisia 13A, Women Doubles","ITF Women"
"ITF Portugal 02A, Women Singles","ITF Women"
"ITF Portugal 02A, Women Doubles","ITF Women"
"ITF USA 07A, Women Singles","ITF Women"
"ITF USA 07A, Women Doubles","ITF Women"
"ITF Greece 04A, Women Singles","ITF Women"
"ITF Greece 04A, Women Doubles","ITF Women"
"ITF Egypt 11A, Women Singles","ITF Women"
"ITF Egypt 11A, Women Doubles","ITF Women"
"ITF China 03B, Women Singles","ITF Women"
"ITF China 03B, Women Doubles","ITF Women"
"ITF Egypt 09A, Women Singles","ITF Women"
"ITF Egypt 09A, Women Doubles","ITF Women"
"ITF Brazil 03A, Women Singles","ITF Women"
"ITF Brazil 03A, Women Doubles","ITF Women"
"ITF Japan 02A, Women Singles","ITF Women"
"ITF Japan 02A, Women Doubles","ITF Women"
"ITF Italy 02A, Women Singles","ITF Women"
"ITF Italy 02A, Women Doubles","ITF Women"
"ITF Australia 06A, Women Singles","ITF Women"
"ITF Australia 06A, Women Doubles","ITF Women"
"ITF France 06A, Women Singles","ITF Women"
"ITF France 06A, Women Doubles","ITF Women"
"ITF Greece 02A, Women Singles","ITF Women"
"ITF Greece 02A, Women Doubles","ITF Women"
"ITF Italy 04A, Women Singles","ITF Women"
"ITF Italy 04A, Women Doubles","ITF Women"
"ITF Tunisia 11A, Women Singles","ITF Women"
"ITF Tunisia 11A, Women Doubles","ITF Women"
"ITF Turkey 10A, Women Singles","ITF Women"
"ITF Turkey 10A, Women Doubles","ITF Women"
"ITF Australia 05A, Women Singles","ITF Women"
"ITF Australia 05A, Women Doubles","ITF Women"
"ITF Italy 01A, Women Singles","ITF Women"
"ITF Italy 01A, Women Doubles","ITF Women"
"ITF France 08A, Women Singles","ITF Women"
"ITF France 08A, Women Doubles","ITF Women"
"ITF China 04B, Women Singles","ITF Women"
"ITF China 04B, Women Doubles","ITF Women"
"ITF Egypt 10A, Women Singles","ITF Women"
"ITF Egypt 10A, Women Doubles","ITF Women"
"ITF Turkey 11A, Women Singles","ITF Women"
"ITF Turkey 11A, Women Doubles","ITF Women"
"ITF Tunisia 12A, Women Singles","ITF Women"
"ITF Tunisia 12A, Women Doubles","ITF Women"
"ITF France 07A, Women Singles","ITF Women"
"ITF France 07A, Women Doubles","ITF Women"
"ITF Japan 01A, Women Singles","ITF Women"
"ITF Japan 01A, Women Doubles","ITF Women"
"ITF Turkey 16A, Women Singles","ITF Women"
"ITF Turkey 16A, Women Doubles","ITF Women"
"ITF Greece 03A, Women Singles","ITF Women"
"ITF Greece 03A, Women Doubles","ITF Women"
"ITF Ecuador 02A, Women Singles","ITF Women"
"ITF Ecuador 02A, Women Doubles","ITF Women"
"ITF Thailand 01A, Women Singles","ITF Women"
"ITF Thailand 01A, Women Doubles","ITF Women"
"ITF Italy 05A, Women Singles","ITF Women"
"ITF Italy 05A, Women Doubles","ITF Women"
"ITF Chile 02A, Women Singles","ITF Women"
"ITF Chile 02A, Women Doubles","ITF Women"
"ITF Spain 23A, Women Singles","ITF Women"
"ITF Spain 23A, Women Doubles","ITF Women"
"ITF Czech Republic 10A, Women Singles","ITF Women"
"ITF Czech Republic 10A, Women Doubles","ITF Women"
"ITF Japan 03A, Women Singles","ITF Women"
"ITF Japan 03A, Women Doubles","ITF Women"
"ITF Egypt 37A, Women Singles","ITF Women"
"ITF Egypt 37A, Women Doubles","ITF Women"
"ITF Turkey 13A, Women Singles","ITF Women"
"ITF Turkey 13A, Women Doubles","ITF Women"
"ITF USA 09A, Women Singles","ITF Women"
"ITF USA 09A, Women Doubles","ITF Women"
"ITF Brazil 03B, Women Singles","ITF Women"
"ITF Brazil 03B, Women Doubles","ITF Women"
"ITF India 04A, Women Singles","ITF Women"
"ITF India 04A, Women Doubles","ITF Women"
"ITF South Africa 03A, Women Singles","ITF Women"
"ITF South Africa 03A, Women Doubles","ITF Women"
"ITF Tunisia 38A, Women Singles","ITF Women"
"ITF Tunisia 38A, Women Doubles","ITF Women"
"ITF Turkey 43A, Women Singles","ITF Women"
"ITF Turkey 43A, Women Doubles","ITF Women"
"ITF Croatia 01A, Women Singles","ITF Women"
"ITF Croatia 01A, Women Doubles","ITF Women"
"ITF Egypt 12A, Women Singles","ITF Women"
"ITF Egypt 12A, Women Doubles","ITF Women"
"ITF France 10A, Women Singles","ITF Women"
"ITF France 10A, Women Doubles","ITF Women"
"ITF Egypt 15A, Women Singles","ITF Women"
"ITF Egypt 15A, Women Doubles","ITF Women"
"ITF Uzbekistan 01A, Women Singles","ITF Women"
"ITF Uzbekistan 01A, Women Doubles","ITF Women"
"ITF Greece 05A, Women Singles","ITF Women"
"ITF Greece 05A, Women Doubles","ITF Women"
"ITF Tunisia 14A, Women Singles","ITF Women"
"ITF Tunisia 14A, Women Doubles","ITF Women"
"ITF Italy 08A, Women Singles","ITF Women"
"ITF Italy 08A, Women Doubles","ITF Women"
"ITF USA 10A, Women Singles","ITF Women"
"ITF USA 10A, Women Doubles","ITF Women"
"ITF USA 13A, Women Singles","ITF Women"
"ITF USA 13A, Women Doubles","ITF Women"
"ITF Turkey 14A, Women Singles","ITF Women"
"ITF Turkey 14A, Women Doubles","ITF Women"
"ITF China 06A, Women Singles","ITF Women"
"ITF China 06A, Women Doubles","ITF Women"
"ITF Italy 06A, Women Singles","ITF Women"
"ITF Italy 06A, Women Doubles","ITF Women"
"ITF Mexico 01A, Women Singles","ITF Women"
"ITF Mexico 01A, Women Doubles","ITF Women"
"ITF USA 11A, Women Singles","ITF Women"
"ITF USA 11A, Women Doubles","ITF Women"
"ITF Egypt 13A, Women Singles","ITF Women"
"ITF Egypt 13A, Women Doubles","ITF Women"
"ITF Kazakhstan 02B, Women Singles","ITF Women"
"ITF Kazakhstan 02B, Women Doubles","ITF Women"
"ITF Tunisia 15A, Women Singles","ITF Women"
"ITF Tunisia 15A, Women Doubles","ITF Women"
"ITF Italy 07A, Women Singles","ITF Women"
"ITF Italy 07A, Women Doubles","ITF Women"
"ITF USA 12A, Women Singles","ITF Women"
"ITF USA 12A, Women Doubles","ITF Women"
"ITF Switzerland 01A, Women Singles","ITF Women"
"ITF Switzerland 01A, Women Doubles","ITF Women"
"ITF Egypt 14A, Women Singles","ITF Women"
"ITF Egypt 14A, Women Doubles","ITF Women"
"ITF Kazakhstan 03A, Women Singles","ITF Women"
"ITF Kazakhstan 03A, Women Doubles","ITF Women"
"ITF Tunisia 16A, Women Singles","ITF Women"
"ITF Tunisia 16A, Women Doubles","ITF Women"
"ITF Turkey 15A, Women Singles","ITF Women"
"ITF Turkey 15A, Women Doubles","ITF Women"
"ITF China 05A, Women Singles","ITF Women"
"ITF China 05A, Women Doubles","ITF Women"
"ITF Tunisia 10A, Women Singles","ITF Women"
"ITF Tunisia 10A, Women Doubles","ITF Women"
"ITF Japan 04A, Women Singles","ITF Women"
"ITF Japan 04A, Women Doubles","ITF Women"
"ITF USA 14A, Women Singles","ITF Women"
"ITF USA 14A, Women Doubles","ITF Women"
"ITF Germany 03A, Women Singles","ITF Women"
"ITF Germany 03A, Women Doubles","ITF Women"
"ITF Russia 02A, Women Singles","ITF Women"
"ITF Russia 02A, Women Doubles","ITF Women"
"ITF Tunisia 18A, Women Singles","ITF Women"
"ITF Tunisia 18A, Women Doubles","ITF Women"
"ITF Egypt 16A, Women Singles","ITF Women"
"ITF Egypt 16A, Women Doubles","ITF Women"
"ITF Hungary 01A, Women Singles","ITF Women"
"ITF Hungary 01A, Women Doubles","ITF Women"
"ITF Israel 01A, Women Singles","ITF Women"
"ITF Israel 01A, Women Doubles","ITF Women"
"ITF Italy 09A, Women Singles","ITF Women"
"ITF Italy 09A, Women Doubles","ITF Women"
"ITF Thailand 02A, Women Singles","ITF Women"
"ITF Thailand 02A, Women Doubles","ITF Women"
"ITF Turkey 17A, Women Singles","ITF Women"
"ITF Turkey 17A, Women Doubles","ITF Women"
"ITF France 11A, Women Singles","ITF Women"
"ITF France 11A, Women Doubles","ITF Women"
"ITF Japan 05A, Women Singles","ITF Women"
"ITF Japan 05A, Women Doubles","ITF Women"
"ITF China 07A, Women Singles","ITF Women"
"ITF China 07A, Women Doubles","ITF Women"
"ITF Italy 10A, Women Singles","ITF Women"
"ITF Italy 10A, Women Doubles","ITF Women"
"ITF South Korea 01A, Women Singles","ITF Women"
