category_name,type,total
IPTL,singles,1
Juniors,singles,8
Juniors,doubles,8
Legends,doubles,8
Legends,mixed_doubles,3
Wheelchairs,singles,8
Wheelchairs,doubles,8
"Hopman Cup",mixed,1
"ITF Women",singles,1014
"ITF Women",doubles,1018
"Wheelchairs Juniors",singles,4
"Wheelchairs Juniors",doubles,2
"United Cup",mixed,1
"UTR Men",singles,133
"UTR Women",singles,116
ATP,singles,108
ATP,doubles,107
ATP,mixed_doubles,6
ATP,mixed,2
WTA,singles,128
WTA,doubles,127
Challenger,singles,463
Challenger,doubles,461
"Billie Jean King Cup",mixed,1
"Davis Cup",mixed,1
"ITF Men",singles,1099
"ITF Men",doubles,1099
Exhibition,singles,22
Exhibition,doubles,8
Exhibition,mixed_doubles,2
"WTA 125K",singles,97
"WTA 125K",doubles,97
