competition_id,competition_name,parent_id,type,gender,category_id
sr:competition:1207,"Championship International Series",NULL,singles,women,sr:category:6
sr:competition:12229,IPTL,NULL,singles,men,sr:category:1012
sr:competition:15393,"ITF Men San Jose, Costa Rica Men Singles",NULL,singles,men,sr:category:785
sr:competition:15395,"ITF Men San Jose, Costa Rica Men Doubles",NULL,doubles,men,sr:category:785
sr:competition:2100,"Davis Cup",NULL,mixed,men,sr:category:76
sr:competition:2102,"Billie Jean King Cup",NULL,mixed,women,sr:category:74
sr:competition:21028,"ITF Colombia 02A, Women Singles",NULL,singles,women,sr:category:213
sr:competition:21228,"ITF Australia 02B, Women Doubles",NULL,doubles,women,sr:category:213
sr:competition:22334,"ITF Uzbekistan 01A, Women Singles",NULL,singles,women,sr:category:213
sr:competition:22763,"ITF Tunisia 39A, Women Doubles",NULL,doubles,women,sr:category:213
sr:competition:22787,"ITF Egypt F38, Men Doubles",NULL,doubles,men,sr:category:785
sr:competition:22959,"ITF USA 17A, Women Singles",NULL,singles,women,sr:category:213
sr:competition:22997,"ITF Bosnia & Herzegovina 01A, Women Doubles",NULL,doubles,women,sr:category:213
sr:competition:29204,"ITF Mexico F13, Men Singles",NULL,singles,men,sr:category:785
sr:competition:29206,"ITF Mexico F13, Men Doubles",NULL,doubles,men,sr:category:785
sr:competition:29386,"ITF Mexico 17A, Women Singles",NULL,singles,women,sr:category:213
sr:competition:31137,"ITF Mexico F30, Men Singles",NULL,singles,men,sr:category:785
sr:competition:31139,"ITF Mexico F30, Men Doubles",NULL,doubles,men,sr:category:785
sr:competition:31263,"ATP Cup",NULL,mixed,men,sr:category:3
sr:competition:31481,NIU,NULL,doubles,men,sr:category:3
sr:competition:32469,"UTR Pro Match Series Men Singles",NULL,singles,men,sr:category:79
sr:competition:32557,"LiveScore Cup, Women",NULL,singles,women,sr:category:79
sr:competition:32683,"Battle of the Brits, Men Doubles",NULL,doubles,men,sr:category:79
sr:competition:32685,"Battle of the Brits, Men Singles",NULL,singles,men,sr:category:79
sr:competition:33007,"WTA 125K Prague, Czech Republic",NULL,singles,women,sr:category:871
sr:competition:33009,"WTA 125K Prague, Czech Republic Doubles",NULL,doubles,women,sr:category:871
sr:competition:33107,"ITF France 31A, Women Singles",NULL,singles,women,sr:category:213
sr:competition:33109,"ITF France 31A, Women Doubles",NULL,doubles,women,sr:category:213
sr:competition:35697,"ITF Colombia F7, Men Doubles",NULL,doubles,men,sr:category:785
sr:competition:37671,"ITF Sweden 09A, Women Doubles",NULL,doubles,women,sr:category:213
sr:competition:37933,"ITF Sweden F9, Men Doubles",NULL,doubles,men,sr:category:785
sr:competition:38335,"ITF USA 53A, Women Singles",NULL,singles,women,sr:category:213
sr:competition:38341,"United Cup",NULL,mixed,mixed,sr:category:2414
sr:competition:38755,"ITF Tunisia F61 Men Singles",NULL,singles,men,sr:category:785
sr:competition:44567,"Riyadh Exhibition",NULL,singles,men,sr:category:79
sr:competition:45133,"ITF Tunisia 59A, Women Singles",NULL,singles,women,sr:category:213
sr:competition:45345,"UTR Boca Raton W05",NULL,singles,women,sr:category:2517
sr:competition:45347,"UTR Newport Beach W03",NULL,singles,women,sr:category:2517
sr:competition:45349,"UTR Olomouc W01",NULL,singles,women,sr:category:2517
sr:competition:45357,"UTR Norman M01",NULL,singles,men,sr:category:2516
sr:competition:45359,"UTR Los Angeles M01",NULL,singles,men,sr:category:2516
sr:competition:45361,"UTR Cornella de Llobregat M01",NULL,singles,men,sr:category:2516
sr:competition:45363,"UTR Boca Raton W01",NULL,singles,women,sr:category:2517
sr:competition:45365,"UTR Norman W01",NULL,singles,women,sr:category:2517
sr:competition:45367,"UTR Newport Beach W01",NULL,singles,women,sr:category:2517
sr:competition:45391,"UTR Olomouc M01",NULL,singles,men,sr:category:2516
sr:competition:45427,"UTR Baton Rouge M01",NULL,singles,men,sr:category:2516
sr:competition:45431,"UTR Tucson M01",NULL,singles,men,sr:category:2516
sr:competition:45437,"UTR Noda M01",NULL,singles,men,sr:category:2516
sr:competition:45471,"UTR Winston-Salem M01",NULL,singles,men,sr:category:2516
sr:competition:45473,"UTR Cornella de Llobregat M02",NULL,singles,men,sr:category:2516
sr:competition:45475,"UTR Baton Rogue W01",NULL,singles,women,sr:category:2517
sr:competition:45477,"UTR Noda W01",NULL,singles,women,sr:category:2517
sr:competition:45479,"Winston-Salem W01",NULL,singles,women,sr:category:2517
sr:competition:45481,"UTR Newport Beach W02",NULL,singles,women,sr:category:2517
sr:competition:45483,"UTR Cornella de Llobregat W01",NULL,singles,women,sr:category:2517
sr:competition:45493,"UTR Boca Raton M01",NULL,singles,men,sr:category:2516
sr:competition:45495,"UTR Noda M02",NULL,singles,men,sr:category:2516
sr:competition:45497,"UTR Blagoevgrad M01",NULL,singles,men,sr:category:2516
sr:competition:45499,"UTR Newport Beach M01",NULL,singles,men,sr:category:2516
sr:competition:45501,"UTR Cornella de Llobregat W02",NULL,singles,women,sr:category:2517
sr:competition:45505,"UTR Bonita Springs W01",NULL,singles,women,sr:category:2517
sr:competition:45595,"UTR Noda W02",NULL,singles,women,sr:category:2517
sr:competition:45635,"UTR Olomouc M02",NULL,singles,men,sr:category:2516
sr:competition:45637,"UTR Alvor M01",NULL,singles,men,sr:category:2516
sr:competition:45639,"UTR Boca Raton M02",NULL,singles,men,sr:category:2516
sr:competition:45643,"UTR Bloomington M01",NULL,singles,men,sr:category:2516
sr:competition:45651,"UTR Dubai W01",NULL,singles,women,sr:category:2517
sr:competition:45657,"UTR Blagoevgrad W01",NULL,singles,women,sr:category:2517
sr:competition:45659,"UTR Boca Raton W02",NULL,singles,women,sr:category:2517
sr:competition:45661,"UTR Newport Beach W04",NULL,singles,women,sr:category:2517
sr:competition:45747,"UTR Yokohama M01",NULL,singles,men,sr:category:2516
sr:competition:45753,"UTR Gyor M01",NULL,singles,men,sr:category:2516
sr:competition:45755,"UTR Alvor M02",NULL,singles,men,sr:category:2516
sr:competition:45757,"UTR Newport Beach M02",NULL,singles,men,sr:category:2516
sr:competition:45761,"UTR Yokohama W01",NULL,singles,women,sr:category:2517
sr:competition:45763,"UTR Dubai W02",NULL,singles,women,sr:category:2517
sr:competition:45835,"UTR Yokohama M02",NULL,singles,men,sr:category:2516
sr:competition:45837,"UTR Dubai M01",NULL,singles,men,sr:category:2516
sr:competition:45839,"UTR Blagoevgrad M02",NULL,singles,men,sr:category:2516
sr:competition:45841,"UTR Cornella de Llobregat M03",NULL,singles,men,sr:category:2516
sr:competition:45843,"UTR Berkeley M01",NULL,singles,men,sr:category:2516
sr:competition:45845,"UTR Yokohama W02",NULL,singles,women,sr:category:2517
sr:competition:45847,"UTR Cornella de Llobregat W03",NULL,singles,women,sr:category:2517
sr:competition:45849,"UTR Pancevo W01",NULL,singles,women,sr:category:2517
sr:competition:45889,"UTR Dubai M02",NULL,singles,men,sr:category:2516
sr:competition:45891,"UTR Olomouc M03",NULL,singles,men,sr:category:2516
sr:competition:45893,"UTR Tigre M01",NULL,singles,men,sr:category:2516
sr:competition:45895,"UTR Spring M01",NULL,singles,men,sr:category:2516
sr:competition:45897,"UTR Stockton M01",NULL,singles,men,sr:category:2516
sr:competition:45899,"UTR Spring W01",NULL,singles,women,sr:category:2517
sr:competition:45913,"UTR Bucharest W01",NULL,singles,women,sr:category:2517
sr:competition:45915,"UTR Rungsted Kyst W01",NULL,singles,women,sr:category:2517
sr:competition:45917,"UTR Tigre W01",NULL,singles,women,sr:category:2517
sr:competition:45959,"UTR Kawaguchi M01",NULL,singles,men,sr:category:2516
sr:competition:45961,"UTR Bucharest M01",NULL,singles,men,sr:category:2516
sr:competition:45963,"UTR Tigre M02",NULL,singles,men,sr:category:2516
sr:competition:45965,"UTR Kawaguchi W01",NULL,singles,women,sr:category:2517
sr:competition:45967,"UTR Olomouc W02",NULL,singles,women,sr:category:2517
sr:competition:45969,"UTR Tigre W02",NULL,singles,women,sr:category:2517
sr:competition:45971,"UTR Boca Raton W03",NULL,singles,women,sr:category:2517
sr:competition:45973,"UTR Newport Beach W05",NULL,singles,women,sr:category:2517
sr:competition:46017,"UTR Cardiff M01",NULL,singles,men,sr:category:2516
sr:competition:46019,"UTR Zadar M01",NULL,singles,men,sr:category:2516
sr:competition:46021,"UTR Boca Raton M03",NULL,singles,men,sr:category:2516
sr:competition:46023,"UTR Newport Beach M03",NULL,singles,men,sr:category:2516
sr:competition:46025,"UTR Lincoln M01",NULL,singles,men,sr:category:2516
sr:competition:46027,"UTR Cardiff W01",NULL,singles,women,sr:category:2517
sr:competition:46029,"UTR Lawrenceville W01",NULL,singles,women,sr:category:2517
sr:competition:46031,"UTR Dubai W03",NULL,singles,women,sr:category:2517
sr:competition:46033,"UTR Zadar W01",NULL,singles,women,sr:category:2517
sr:competition:46123,"UTR Yokohama M03",NULL,singles,men,sr:category:2516
sr:competition:46125,"UTR Blagoevgrad M03",NULL,singles,men,sr:category:2516
sr:competition:46127,"UTR Lawrenceville M01",NULL,singles,men,sr:category:2516
sr:competition:46129,"UTR Yokohama W03",NULL,singles,women,sr:category:2517
sr:competition:46131,"UTR Dubai W04",NULL,singles,women,sr:category:2517
sr:competition:46135,"UTR Cornella de Llobregat W04",NULL,singles,women,sr:category:2517
sr:competition:46137,"UTR Zadar W02",NULL,singles,women,sr:category:2517
sr:competition:46139,"UTR Newport Beach W06",NULL,singles,women,sr:category:2517
sr:competition:46197,"UTR Yokohama M04",NULL,singles,men,sr:category:2516
sr:competition:46199,"UTR Dubai M03",NULL,singles,men,sr:category:2516
sr:competition:46201,"UTR Gyor M02",NULL,singles,men,sr:category:2516
sr:competition:46203,"UTR Newport Beach M04",NULL,singles,men,sr:category:2516
sr:competition:46205,"UTR Yokohama W04",NULL,singles,women,sr:category:2517
sr:competition:46209,"UTR Olomouc W03",NULL,singles,women,sr:category:2517
sr:competition:46213,"UTR Boca Raton W04",NULL,singles,women,sr:category:2517
sr:competition:46241,"UTR Dubai M04",NULL,singles,men,sr:category:2516
sr:competition:46243,"UTR Olomouc M04",NULL,singles,men,sr:category:2516
sr:competition:46245,"UTR Lawrenceville M02",NULL,singles,men,sr:category:2516
sr:competition:46247,"UTR Manzanillo M01",NULL,singles,men,sr:category:2516
sr:competition:46249,"UTR Gyor W01",NULL,singles,women,sr:category:2517
sr:competition:46251,"UTR Newport Beach W07",NULL,singles,women,sr:category:2517
sr:competition:46253,"UTR Manzanillo W01",NULL,singles,women,sr:category:2517
sr:competition:46315,"UTR Sanmin District M01",NULL,singles,men,sr:category:2516
sr:competition:46317,"UTR Zadar M02",NULL,singles,men,sr:category:2516
sr:competition:46319,"UTR Boca Raton M04",NULL,singles,men,sr:category:2516
sr:competition:46321,"UTR Manzanillo M02",NULL,singles,men,sr:category:2516
sr:competition:46323,"UTR Roseto degli Abruzzi W01",NULL,singles,women,sr:category:2517
sr:competition:46325,"UTR Sanmin District W01",NULL,singles,women,sr:category:2517
sr:competition:46327,"UTR Zadar W03",NULL,singles,women,sr:category:2517
sr:competition:46329,"UTR Manzanillo W02",NULL,singles,women,sr:category:2517
sr:competition:46411,"UTR Craigieburn M01",NULL,singles,men,sr:category:2516
sr:competition:46413,"UTR Belgrade M01",NULL,singles,men,sr:category:2516
sr:competition:46415,"UTR Alvor M03",NULL,singles,men,sr:category:2516
sr:competition:46417,"UTR Cordoba M01",NULL,singles,men,sr:category:2516
sr:competition:46419,"UTR Craigieburn W01",NULL,singles,women,sr:category:2517
sr:competition:46421,"UTR Belgrade W01",NULL,singles,women,sr:category:2517
sr:competition:46423,"UTR Alvor W01",NULL,singles,women,sr:category:2517
sr:competition:46425,"UTR Cordoba W01",NULL,singles,women,sr:category:2517
sr:competition:46427,"UTR Boca Raton W06",NULL,singles,women,sr:category:2517
sr:competition:46429,"UTR Newport Beach W08",NULL,singles,women,sr:category:2517
sr:competition:46589,"UTR Craigieburn M02",NULL,singles,men,sr:category:2516
sr:competition:46591,"UTR Belgrade M02",NULL,singles,men,sr:category:2516
sr:competition:46593,"UTR Carvoeiro M01",NULL,singles,men,sr:category:2516
sr:competition:46595,"UTR Newport Beach M05",NULL,singles,men,sr:category:2516
sr:competition:46597,"UTR Cordoba M02",NULL,singles,men,sr:category:2516
sr:competition:46599,"UTR Spring M02",NULL,singles,men,sr:category:2516
sr:competition:46603,"UTR Craigieburn W02",NULL,singles,women,sr:category:2517
sr:competition:46609,"UTR Belgrade W02",NULL,singles,women,sr:category:2517
sr:competition:46611,"UTR Carvoeiro W01",NULL,singles,women,sr:category:2517
sr:competition:46677,"UTR Lawrenceville M03",NULL,singles,men,sr:category:2516
sr:competition:46679,"UTR Gyor M03",NULL,singles,men,sr:category:2516
sr:competition:46681,"UTR Loughborough M01",NULL,singles,men,sr:category:2516
sr:competition:46693,"UTR Lawrenceville W02",NULL,singles,women,sr:category:2517
sr:competition:46697,"UTR Gyor W02",NULL,singles,women,sr:category:2517
sr:competition:46699,"UTR Loughborough W01",NULL,singles,women,sr:category:2517
sr:competition:46701,"UTR Newport Beach W09",NULL,singles,women,sr:category:2517
sr:competition:46726,"UTR Kawaguchi M02",NULL,singles,men,sr:category:2516
sr:competition:46728,"UTR Manzanillo M03",NULL,singles,men,sr:category:2516
sr:competition:46730,"UTR College Station M01",NULL,singles,men,sr:category:2516
sr:competition:46732,"UTR Kawaguchi W02",NULL,singles,women,sr:category:2517
sr:competition:46734,"UTR Bucharest W02",NULL,singles,women,sr:category:2517
sr:competition:46789,"UTR Kawaguchi M03",NULL,singles,men,sr:category:2516
sr:competition:46791,"UTR Bucharest M02",NULL,singles,men,sr:category:2516
sr:competition:46793,"UTR Maria Lanzendorf M01",NULL,singles,men,sr:category:2516
sr:competition:46795,"UTR Newport Beach M06",NULL,singles,men,sr:category:2516
sr:competition:46797,"UTR Manzanillo M04",NULL,singles,men,sr:category:2516
sr:competition:46799,"UTR Kawaguchi W03",NULL,singles,women,sr:category:2517
sr:competition:46801,"UTR Bucharest W03",NULL,singles,women,sr:category:2517
sr:competition:46823,"UTR Craigieburn M03",NULL,singles,men,sr:category:2516
sr:competition:46825,"UTR Skopje M01",NULL,singles,men,sr:category:2516
sr:competition:46827,"UTR Carvoeiro M02",NULL,singles,men,sr:category:2516
sr:competition:46829,"UTR Boca Raton M05",NULL,singles,men,sr:category:2516
sr:competition:46831,"UTR Stockton M02",NULL,singles,men,sr:category:2516
sr:competition:46835,"UTR Craigieburn W03",NULL,singles,women,sr:category:2517
sr:competition:46837,"UTR Maria Lanzendorf W01",NULL,singles,women,sr:category:2517
sr:competition:46839,"UTR Carvoeiro W02",NULL,singles,women,sr:category:2517
sr:competition:46841,"UTR Stockton W01",NULL,singles,women,sr:category:2517
sr:competition:46889,"UTR Craigieburn M04",NULL,singles,men,sr:category:2516
sr:competition:46891,"UTR Carvoeiro M03",NULL,singles,men,sr:category:2516
sr:competition:46901,"UTR Newport Beach M07",NULL,singles,men,sr:category:2516
sr:competition:46903,"UTR Boca Raton W07",NULL,singles,women,sr:category:2517
sr:competition:46905,"UTR Craigieburn W04",NULL,singles,women,sr:category:2517
sr:competition:46907,"UTR Carvoeiro W03",NULL,singles,women,sr:category:2517
sr:competition:46983,"UTR Boca Raton M06",NULL,singles,men,sr:category:2516
sr:competition:46985,"UTR Urayasu M01",NULL,singles,men,sr:category:2516
sr:competition:46987,"UTR Pazardzhik M01",NULL,singles,men,sr:category:2516
sr:competition:46989,"UTR Budapest M01",NULL,singles,men,sr:category:2516
sr:competition:46991,"UTR Urbana M01",NULL,singles,men,sr:category:2516
sr:competition:46993,"UTR Tuscaloosa M01",NULL,singles,men,sr:category:2516
sr:competition:46995,"UTR Pazardzhik W01",NULL,singles,women,sr:category:2517
sr:competition:46997,"UTR Budapest W01",NULL,singles,women,sr:category:2517
sr:competition:46999,"UTR Urbana W01",NULL,singles,women,sr:category:2517
sr:competition:47067,"UTR Knoxville M01",NULL,singles,men,sr:category:2516
sr:competition:47069,"UTR Los Angeles M02",NULL,singles,men,sr:category:2516
sr:competition:47071,"UTR Lovedale M01",NULL,singles,men,sr:category:2516
sr:competition:47073,"UTR Trnava M01",NULL,singles,men,sr:category:2516
sr:competition:47075,"UTR Denver M01",NULL,singles,men,sr:category:2516
sr:competition:47077,"UTR Los Angeles W01",NULL,singles,women,sr:category:2517
sr:competition:47079,"UTR Lovedale W01",NULL,singles,women,sr:category:2517
sr:competition:47081,"UTR Trnava W01",NULL,singles,women,sr:category:2517
sr:competition:47083,"UTR Knoxville W01",NULL,singles,women,sr:category:2517
sr:competition:47085,"UTR Denver W01",NULL,singles,women,sr:category:2517
sr:competition:47131,"UTR Los Angeles M03",NULL,singles,men,sr:category:2516
sr:competition:47133,"UTR Lovedale M02",NULL,singles,men,sr:category:2516
sr:competition:47135,"UTR Glifada M01",NULL,singles,men,sr:category:2516
sr:competition:47137,"UTR Ahaus M01",NULL,singles,men,sr:category:2516
sr:competition:47139,"UTR Manchester M01",NULL,singles,men,sr:category:2516
sr:competition:47141,"UTR Winston-Salem M02",NULL,singles,men,sr:category:2516
sr:competition:47143,"UTR Los Angeles W02",NULL,singles,women,sr:category:2517
sr:competition:47145,"UTR Lovedale W02",NULL,singles,women,sr:category:2517
sr:competition:47147,"UTR Glifada W01",NULL,singles,women,sr:category:2517
sr:competition:47149,"UTR Ahaus W01",NULL,singles,women,sr:category:2517
sr:competition:47151,"UTR Manchester W01",NULL,singles,women,sr:category:2517
sr:competition:47153,"UTR Winston-Salem W02",NULL,singles,women,sr:category:2517
sr:competition:47205,"UTR PTT Sanmin District Men 02",NULL,singles,men,sr:category:2516
sr:competition:47207,"UTR PTT Bucharest Men 03",NULL,singles,men,sr:category:2516
sr:competition:47209,"UTR PTT Carvoeiro Men 04",NULL,singles,men,sr:category:2516
sr:competition:47211,"UTR PTT Calgary Men 01",NULL,singles,men,sr:category:2516
sr:competition:47213,"UTR PTT Manchester Men 02",NULL,singles,men,sr:category:2516
sr:competition:47215,"UTR PTT Atlanta Men 01",NULL,singles,men,sr:category:2516
sr:competition:47217,"UTR PTT Bucharest Women 04",NULL,singles,women,sr:category:2517
sr:competition:47219,"UTR PTT Carvoeiro Women 04",NULL,singles,women,sr:category:2517
sr:competition:47221,"UTR PTT Manchester Women 02",NULL,singles,women,sr:category:2517
sr:competition:47223,"UTR PTT Sanmin District Women 02",NULL,singles,women,sr:category:2517
sr:competition:47225,"UTR PTT Atlanta Women 01",NULL,singles,women,sr:category:2517
sr:competition:47283,"ATP Challenger Sofia 2, Bulgaria Men Singles",NULL,singles,men,sr:category:72
sr:competition:47285,"ATP Challenger Sofia 2, Bulgaria Men Doubles",NULL,doubles,men,sr:category:72
sr:competition:47287,"UTR PTT Boca Raton Men 07",NULL,singles,men,sr:category:2516
sr:competition:47289,"UTR PTT Fukui Men 01",NULL,singles,men,sr:category:2516
sr:competition:47291,"UTR PTT Skopje Men 02",NULL,singles,men,sr:category:2516
sr:competition:47293,"UTR PTT Carvoeiro Men 05",NULL,singles,men,sr:category:2516
sr:competition:47295,"UTR PTT Newport Beach Men 08",NULL,singles,men,sr:category:2516
sr:competition:47297,"UTR PTT Calgary Men 02",NULL,singles,men,sr:category:2516
sr:competition:47299,"UTR PTT Knoxville Men 02",NULL,singles,men,sr:category:2516
sr:competition:47301,"UTR PTT Skopje Women 01",NULL,singles,women,sr:category:2517
sr:competition:47303,"UTR PTT Carvoeiro Women 05",NULL,singles,women,sr:category:2517
sr:competition:47305,"UTR PTT Knoxville Women 02",NULL,singles,women,sr:category:2517
sr:competition:47359,"UTR PTT Norman Men 02",NULL,singles,men,sr:category:2516
sr:competition:47361,"UTR PTT Skopje Men 03",NULL,singles,men,sr:category:2516
sr:competition:47363,"UTR PTT Tuscaloosa Men 02",NULL,singles,men,sr:category:2516
sr:competition:47365,"UTR PTT Jacksonville Men 01",NULL,singles,men,sr:category:2516
sr:competition:47367,"UTR PTT Norman Women 02",NULL,singles,women,sr:category:2517
sr:competition:47369,"UTR PTT Skopje Women 02",NULL,singles,women,sr:category:2517
sr:competition:47371,"UTR PTT Newport Beach Women 10",NULL,singles,women,sr:category:2517
sr:competition:47373,"UTR PTT Jacksonville Women 01",NULL,singles,women,sr:category:2517
sr:competition:47395,"UTR PTT Kaohsiung City Men +H 01",NULL,singles,men,sr:category:2516
sr:competition:47397,"UTR PTT Olomouc Men 05",NULL,singles,men,sr:category:2516
sr:competition:47399,"UTR PTT Waco Men 01",NULL,singles,men,sr:category:2516
sr:competition:47401,"UTR PTT Kaohsiung City Women +H 01",NULL,singles,women,sr:category:2517
sr:competition:47403,"UTR PTT Olomouc Women 04",NULL,singles,women,sr:category:2517
sr:competition:47405,"UTR PTT Waco Women 01",NULL,singles,women,sr:category:2517
sr:competition:47441,"UTR PTT Brisbane Men 01",NULL,singles,men,sr:category:2516
sr:competition:47443,"UTR PTT Pazardzhik Men 02",NULL,singles,men,sr:category:2516
sr:competition:47445,"UTR PTT Umag Men 01",NULL,singles,men,sr:category:2516
sr:competition:47447,"UTR PTT Boston Men 01",NULL,singles,men,sr:category:2516
sr:competition:47449,"UTR PTT Newport Beach Men 09",NULL,singles,men,sr:category:2516
sr:competition:47451,"UTR PTT Brisbane Women 01",NULL,singles,women,sr:category:2517
sr:competition:47453,"UTR PTT Pazardzhik Women 02",NULL,singles,women,sr:category:2517
sr:competition:47455,"UTR PTT Stillwater Women 01",NULL,singles,women,sr:category:2517
sr:competition:47552,"UTR PTT Brisbane Men 02",NULL,singles,men,sr:category:2516
sr:competition:47554,"UTR PTT Dusseldorf Men 01",NULL,singles,men,sr:category:2516
sr:competition:47556,"UTR PTT Krakow Men 01",NULL,singles,men,sr:category:2516
sr:competition:47558,"UTR PTT Brisbane Women 02",NULL,singles,women,sr:category:2517
sr:competition:47560,"UTR PTT Dusseldorf Women 01",NULL,singles,women,sr:category:2517
sr:competition:47562,"UTR PTT Krakow Women 01",NULL,singles,women,sr:category:2517
sr:competition:47564,"UTR PTT Boston Women 01",NULL,singles,women,sr:category:2517
sr:competition:47566,"UTR PTT Newport Beach Women 11",NULL,singles,women,sr:category:2517
sr:competition:47692,"UTR PTT Budapest Men 02",NULL,singles,men,sr:category:2516
sr:competition:47694,"UTR PTT Waco Men 02",NULL,singles,men,sr:category:2516
sr:competition:47696,"UTR PTT Newport Beach Men 10",NULL,singles,men,sr:category:2516
sr:competition:47698,"UTR PTT Bali Men +H 01",NULL,singles,men,sr:category:2516
sr:competition:47700,"UTR PTT Lincoln Men 02",NULL,singles,men,sr:category:2516
sr:competition:47702,"UTR PTT Budapest Women 02",NULL,singles,women,sr:category:2517
sr:competition:47704,"UTR PTT Kawaguchi Women 04",NULL,singles,women,sr:category:2517
sr:competition:47706,"UTR PTT Waco Women 02",NULL,singles,women,sr:category:2517
sr:competition:47708,"UTR PTT Lincoln Women 01",NULL,singles,women,sr:category:2517
sr:competition:620,"Hopman Cup",NULL,mixed,mixed,sr:category:181
sr:competition:660,"World Team Cup",NULL,mixed,men,sr:category:3
