venue_name,complex_name
"Estadio Monumental","Club Tennis Las Terrazas de Miraflores"
Stadium,"Shenzhen International Tennis Center"
"Court 2","Shenzhen Longgang Sports Center"
"Court 7","Olympic Park Tennis Center"
"Court 20","Melbourne Park"
"Court 22","Melbourne Park"
"Estadio Ivan Elias Moreno","Club Tennis Las Terrazas de Miraflores"
"Stade Numa-Daly Magenta","Complexe Tennistique Marie-Louise Lhuillier"
"Noevir Stadium","Miki Disaster Management Park"
"Shanghai Stadium","Qi Zhong Tennis Center"
"Cancha 5","Acapulco Princess Mundo Imperial"
"Court 13","Indian Wells Tennis Garden"
"Center Court","Royal Tennis Club de Marrakech"
"Court 1","Royal Tennis Club de Marrakech"
"Court 2","Royal Tennis Club de Marrakech"
"Court 4","Royal Tennis Club de Marrakech"
"SZ Court","MTTC Iphitos e.V."
"Court 1","Complexo Desportivo do Jamor"
"Center Court","Tennis Club 1.FCN"
"Show Court","Tennis Club 1.FCN"
"Court 1","Tennis Club 1.FCN"
"Court 2","Tennis Club 1.FCN"
"Court 9","Country Time Club"
"Estadio Alejandro Villanueva","Club Tennis Las Terrazas de Miraflores"
"Court 11","Country Time Club"
"Halle des Sports","Parc des Expositions Quimper Cornouaille"
"Court 4","USTA Billie Jean King National Tennis Center"
"Arthur Ashe Stadium","USTA Billie Jean King National Tennis Center"
"Court 5","USTA Billie Jean King National Tennis Center"
"Court 6","USTA Billie Jean King National Tennis Center"
"Court 7","USTA Billie Jean King National Tennis Center"
"Court 8","USTA Billie Jean King National Tennis Center"
"Court 9","USTA Billie Jean King National Tennis Center"
"Court 10","USTA Billie Jean King National Tennis Center"
"Court 11","USTA Billie Jean King National Tennis Center"
"Court 12","USTA Billie Jean King National Tennis Center"
"Court 9","Ariake Tennis Forest Park Ariake Colesseum"
"Court 13","USTA Billie Jean King National Tennis Center"
"Court A","Qi Zhong Tennis Center"
"Court B","Qi Zhong Tennis Center"
"Court 14","USTA Billie Jean King National Tennis Center"
"Court C","Qi Zhong Tennis Center"
"Court 15","USTA Billie Jean King National Tennis Center"
"Cancha 10","Buenos Aires Lawn Tennis Club"
"Cancha 11","Buenos Aires Lawn Tennis Club"
"Cancha 2","Buenos Aires Lawn Tennis Club"
"Court 16","USTA Billie Jean King National Tennis Center"
"Stadium 17","USTA Billie Jean King National Tennis Center"
"Louis Armstrong Stadium","USTA Billie Jean King National Tennis Center"
Grandstand,"USTA Billie Jean King National Tennis Center"
"Center Court","Shenzhen Longgang Sports Center"
"Court 2","Sud de France Arena"
"Court Central","Les Arenes de Metz"
"Court 1","Les Arenes de Metz"
CENTRALA,"BNR arena"
"SEMI CENTRALA","BNR arena"
"Court 2","Centrul National de Tenis"
CENTRE,"Olympic Tennis School"
"COURT 3","Olympic Tennis School"
"COURT 4","Olympic Tennis School"
"COURT 5","Olympic Tennis School"
"COURT 3","Centrul National de Tenis"
"Center Court","Olympic Tennis Courts"
"Court 2","Olympic Tennis Courts"
"Court 13","Olympic Tennis Courts"
"Court 11","Seoul Olympic Park Tennis Center"
"Quadra Guga Kuerten","Jockey Club Brasileiro"
"Quadra 2","Jockey Club Brasileiro"
"Court 1","Ariake Tennis Forest Park Ariake Colesseum"
"Court 2","Ariake Tennis Forest Park Ariake Colesseum"
"Center Court","Ariake Tennis Forest Park Ariake Colesseum"
"Grandstand (Acapulco, MEXICO)","Arena GNP Seguros"
"Centre Court","Rama Gardens Hotel"
"Court 1","Rama Gardens Hotel"
"Court 3","Ariake Tennis Forest Park Ariake Colesseum"
"Court 4","Ariake Tennis Forest Park Ariake Colesseum"
Center,"National Tennis Center"
"Court 1","National Tennis Center"
"Court 4","National Tennis Center"
"Court 5","National Tennis Center"
"Court 7","National Tennis Center"
"Court 8","National Tennis Center"
"Court 9","National Tennis Center"
"Court 2","National Tennis Center"
Grandstand,"Qi Zhong Tennis Center"
"Estadio GNP Seguros","Club Sonoma"
"Cancha 1","Club Sonoma"
"Cancha 2","Club Sonoma"
"Court 4","Qi Zhong Tennis Center"
"Court 5","Qi Zhong Tennis Center"
"Stadium Court","Qi Zhong Tennis Center"
Center,"Utsubo Tennis Center"
"Court 1","Utsubo Tennis Center"
"Court 2","Utsubo Tennis Center"
"Astana Arena","National Tennis Center"
"Cancha 1","Club Manquehue de Vitacura"
"Cancha 3","Club Manquehue de Vitacura"
"Cancha 8","Club Deportivo Potosino"
"Cancha Central","Club Deportivo Potosino"
"Court 3","Clube Hipico Santo Amaro"
"Cancha 4","Club Deportivo Potosino"
"Cancha 3","Club Deportivo Potosino"
Center,"Payne Park Tennis Facility"
"Court 4","Payne Park Tennis Facility"
"Centre Court","Design Center Linz"
"Court 5","Payne Park Tennis Facility"
"Court 4","BNR arena"
"Court 5","BNR arena"
"Court 10","Shenzhen International Tennis Center"
"Court 3","Shenzhen International Tennis Center"
"Match Court 1","Design Center Linz"
"Court 4","Shenzhen International Tennis Center"
"Court 6","Franklin Creek Tennis Center"
"Court 16","Franklin Creek Tennis Center"
"Centre Court","Kungliga Tennishallen"
"Court 1","Multisport Sports Club"
"Court Central","Au Tennis Club De Tunis"
"Court 1","Au Tennis Club De Tunis"
"Court 2","Multisport Sports Club"
"Centre Court","Taipei Arena"
"Court 2","Taipei Arena"
"Court 3","MTTC Iphitos e.V."
"Court 3","Multisport Sports Club"
"Court 5","Au Tennis Club De Tunis"
"Centre Court","Ostravar Arena"
"Court 3","Ostravar Arena"
"Court 6","Ostravar Arena"
Center,"Forestmeadows Tennis Center"
CENTRAL,"CK Sportcenter Kockelscheuer"
"Court 1","Forestmeadows Tennis Center"
"Court 4","Forestmeadows Tennis Center"
"Court 1","CK Sportcenter Kockelscheuer"
"Court 1","Kungliga Tennishallen"
"Court 4","Ostravar Arena"
"Court 3","Forestmeadows Tennis Center"
"Hortkorn Court","Tennisclub Heilbronn am Trappensee"
"Court 1","Tennisclub Heilbronn am Trappensee"
"Court 2","Tennisclub Heilbronn am Trappensee"
"Center Court","Tennis Club Dinamo"
"Court 1","Tennis Club Dinamo"
"Court 2","Tennis Club Dinamo"
"Court 3","Tennis Club Dinamo"
"Court 4","Tennis Club Dinamo"
"Court Ideal Groupe","Villa Primrose"
"Court 11","Villa Primrose"
"Court 1","Spo1 Park"
"Court 3","Spo1 Park"
"Court 5","Spo1 Park"
"Grand Stand Arena","Foro Italico"
"Court 12","Villa Primrose"
"Court 3","Tennisclub Heilbronn am Trappensee"
"Court 4","Tennis Club 1.FCN"
"Center Court","Tennis Palladio 98"
"Court 1","Tennis Palladio 98"
"Court 2","Tennis Palladio 98"
"Court 5","Tennis Palladio 98"
"Center Court","Tenisovy Klub Prostejov"
"Court 1","Tenisovy Klub Prostejov"
"Court 1","Nottingham Tennis Centre"
"Court 3","Nottingham Tennis Centre"
"Centre Court","Nottingham Tennis Centre"
"Court 2","Nottingham Tennis Centre"
"Court 4","Nottingham Tennis Centre"
"Court 7","Nottingham Tennis Centre"
"Court 8","Nottingham Tennis Centre"
"Court 4","OWL Arena"
"Court 5","OWL Arena"
"Court 6","OWL Arena"
"Centre Court","Istiklol Tennis Club"
"Court 2","Istiklol Tennis Club"
Central,"AAJB Tennis"
"Court 1","AAJB Tennis"
"Court 1","Istiklol Tennis Club"
"Court 4","Istiklol Tennis Club"
"Court 5","Istiklol Tennis Club"
"Centre Court","Tennis Club Sparta Praha"
"Court A","Tennis Club Sparta Praha"
"Ann Jones Centre Court","Edgbaston Priory Club"
"Court 2","AAJB Tennis"
"Court 7","Devonshire Park Lawn Tennis Centre"
"Court 8","Devonshire Park Lawn Tennis Centre"
"Court 9","Devonshire Park Lawn Tennis Centre"
"Court 10","Devonshire Park Lawn Tennis Centre"
"Court 11","Devonshire Park Lawn Tennis Centre"
"Central Court","Tianjin Tuanbo International Tennis Center"
"Court 1","Tianjin Tuanbo International Tennis Center"
"Court 2","Tianjin Tuanbo International Tennis Center"
"Centre Court","Palalido Allianz Cloud"
Grandstand,"Aspria Harbor Club"
"Court 13","Aspria Harbor Club"
"Court 3","Tianjin Tuanbo International Tennis Center"
"Central Court","National Sport Center Nanchang"
"Court 1","National Sport Center Nanchang"
"Court 2","National Sport Center Nanchang"
"Court 3","National Sport Center Nanchang"
"Center Court","Braunschweiger Tennis und Hockeyclub"
"Court 11","Braunschweiger Tennis und Hockeyclub"
Grandstand,"Tennis Club Todi 1971"
"COURT 1","Tennis Club Todi 1971"
"Court 5","Braunschweiger Tennis und Hockeyclub"
"Court 7","Braunschweiger Tennis und Hockeyclub"
"Court D","ŠRC MARINA PORTOROŽ"
"Court C","ŠRC MARINA PORTOROŽ"
Centrale,"Circolo Tennis Maggioni"
"Campo 2","Circolo Tennis Maggioni"
"Campo 3","Circolo Tennis Maggioni"
"Court 2","Am Rothenbaum"
"Court 3","Am Rothenbaum"
"Court 1","TTF Istanbul Tenis Merkezi"
"Court 2","TTF Istanbul Tenis Merkezi"
Centrale,"Francesco Guzzini Recanati Tennis Club"
Grandstand,"Francesco Guzzini Recanati Tennis Club"
"Court Central","Tennis St-Luc - Les Loisirs De Granby"
"Court 3","Tennis St-Luc - Les Loisirs De Granby"
"Court 4","Tennis St-Luc - Les Loisirs De Granby"
"Court 1","Tennis St-Luc - Les Loisirs De Granby"
"Court 7","Tennis St-Luc - Les Loisirs De Granby"
"Court 5","ATP Stadion Goran Ivanisevic"
"Center Court","Tampereen Tenniskeskus Oy"
"Court 1","Tampereen Tenniskeskus Oy"
"Center Court","National Tennis Center"
"Court 1","National Tennis Center"
"Court 2","National Tennis Center"
"Court 3","National Tennis Center"
"Court 6","National Tennis Center"
"Stadium 1","Hilary J. Boone Tennis Center"
"Court 3","TOP SEED TENNIS CLUB"
"Court 6","Hilary J. Boone Tennis Center"
"Court 2","Kitzbuehel Tennis Club Sportfeld 2"
"Svijany Court","Liberec Tennis Club"
"Gea Court","Liberec Tennis Club"
"Mlyn Perner Court","Liberec Tennis Club"
"Center Court","Complejo Deportivo Pedro Muñoz"
"Court 1","Complejo Deportivo Pedro Muñoz"
"Court 2","Complejo Deportivo Pedro Muñoz"
"Allianz Court","Tennis Club Sparta Praha"
"Center Court","Centro Tennis Cassa di Risparmio"
"Court 2 De Luigi","Centro Tennis Cassa di Risparmio"
"Court 3","Centro Tennis Cassa di Risparmio"
"Campo Centrale","Eurosporting Cordenons"
"Campo 11","Eurosporting Cordenons"
"Campo 12","Eurosporting Cordenons"
"Campo 13","Eurosporting Cordenons"
"Campo 14","Eurosporting Cordenons"
"Court A","Connecticut Tennis Center"
"Court 6","Rama Gardens Hotel"
"Court 4","Rama Gardens Hotel"
"Court 5","Rama Gardens Hotel"
"Center Court","A.S.D. Tennis Club Como"
"Court 1","A.S.D. Tennis Club Como"
"Court 2","A.S.D. Tennis Club Como"
"Center Court","Valletta Cambiaso ASD"
"Court 1","Valletta Cambiaso ASD"
"Court 2","Valletta Cambiaso ASD"
"Campo 3","Valletta Cambiaso ASD"
"Centre Court","Victoria Park Tennis Court"
"Court 1","Victoria Park Tennis Court"
"Court 2","Victoria Park Tennis Court"
"Court Limak Enerji","Garanti Koza Arena"
"Centre Court","Park Mladen Stojanovic"
"Court 5","Park Mladen Stojanovic"
"Court 3","Real Club de Tenis Betis"
"Court 2","Real Club de Tenis Betis"
"Court 3","TTF Istanbul Tenis Merkezi"
"Central Court","Wojska Polskiego"
"Court 1","Wojska Polskiego"
"Court 2","Wojska Polskiego"
"Court 6","TTF Istanbul Tenis Merkezi"
"Court 4","Nacionalni Trening Centar Teniskog"
"Court 3","Park Mladen Stojanovic"
"Court 4","Seoul Olympic Park Tennis Center"
"Cancha Central","Club Jacaranda Cumbaya"
"Cancha 2","Club Rancho San Francisco"
"Centre Court","Seoul Olympic Park Tennis Center"
"Court 1","Sibur Arena"
"Center Court","Sociedade Hipica de Campinas"
"Court 1","Sociedade Hipica de Campinas"
"Court 2","Sociedade Hipica de Campinas"
"Cancha 5","Club Rancho San Francisco"
"COURT B","Wien, Wiener Stadthalle"
"Court 2","Optics Valley International Tennis Center"
"Court 3","Optics Valley International Tennis Center"
"Court 4","Optics Valley International Tennis Center"
"Court 5","Optics Valley International Tennis Center"
"Court 1","Optics Valley International Tennis Center"
"CENTER COURT","Sibur Arena"
"Center Court","Optics Valley International Tennis Center"
"Court 1","Parc De La TeTe D'or"
"La Foret 3","Palais Des Sport"
"La Foret 4","Palais des Sports"
"Centre Court","Tennis Club Pamira"
"Court 5","Tennis Club Pamira"
"Court Central","Parc De La TeTe D'or"
"Court 6","Tennis Club Pamira"
"Court 8","Tennis Club Pamira"
"Centre Court","Khalifa International Tennis & Squash Complex"
"Center Court","St. Jakobshalle Basel"
"La Foret 1","Palais des Sports"
"Court 2","St. Jakobshalle Basel"
"Court 1","Sporting Club de Tenis Valencia"
"Pista 1","Sporting Club de Tenis Valencia"
"Brad Drewett","National Tennis Center"
"Central Colette Besson","Salle Collete-Benson"
"Tennis Club De Bruz","Salle Collete-Benson"
"Stadium Court","Tiburon Peninsula Club"
"Court 1","Tiburon Peninsula Club"
"Court 4","Tiburon Peninsula Club"
"Court 2","Kungliga Tennishallen"
"Court Central","Accor Arena"
"Court 1","Accor Arena"
"Court 2","Stade Roland Garros"
"Centre Court","Mhalunge Balewadi Tennis Complex"
"Court 1","Mhalunge Balewadi Tennis Complex"
"Court 2","Mhalunge Balewadi Tennis Complex"
"Cancha Central","Estadio Mario Alberto Kempes"
"CANCHA 1","Cordoba Lawn Tennis Club"
"CANCHA 3","Cordoba Lawn Tennis Club"
"Court 3","Mhalunge Balewadi Tennis Complex"
"Court 4","Mhalunge Balewadi Tennis Complex"
"Centre Court","Singapore Indoor Stadium"
"Center Court","Ningbo Tennis Center of WTA Ningbo, China w42"
"Court 7","Ningbo Tennis Center of WTA Ningbo, China w42"
"Court 8","Ningbo Tennis Center of WTA Ningbo, China w42"
"Centre Court","Tennis Club de Geneve"
"Court 2","Tennis Club de Geneve"
"Center Court","House of Sports"
"Court 1","House of Sports"
"Court 7","The Boar's Head Sports Club"
"Court 9","The Boar's Head Sports Club"
Central,Vendéspace
"Court Annexe",Vendéspace
"Court 1","Palais des sports de Beaublanc"
"Court 1","Taipei Arena"
"Centre Court","NTC Arena"
"Court 3","NTC Arena"
"Central Court","Tennis Club Ortisei"
"Court 1","Tennis Club Ortisei"
Centre,"Palais des sports de Beaublanc"
"Court 2","Goodfriend Indoor Tennis Center"
"Court 3","Goodfriend Indoor Tennis Center"
"Estadio 1. de Maio","Clube de Tenis de Braga"
"Court 3","Tali Tennis Center"
"Court 1","Mamushidani Tennis Courts, Keio University"
"Cancha Central","Anexo Guayaquil Tenis Club"
"Court 1","Atkins Tennis Center"
"Court 2","Atkins Tennis Center"
"Court 2","Guayaquil Tennis Club"
"Pat Rafter Arena","Queensland Tennis Centre"
"Court 9","Tali Tennis Center"
"Cancha Central","Jockey Club del Peru"
"Cancha  3","Club Tennis Las Terrazas de Miraflores"
"Cancha 5","Jockey Club del Peru"
"Court 1","Queensland Tennis Centre"
"Cancha Central","Carrasco Lawn Tennis Club"
"Cancha 1","Carrasco Lawn Tennis Club"
"Court 2","Queensland Tennis Centre"
"Via Delle Querce","Palazzetto dello Sport"
"Cancha 2","Carrasco Lawn Tennis Club"
"Cancha 15","Carrasco Lawn Tennis Club"
"Court 5","Queensland Tennis Centre"
"Stadium Court","ASB Tennis Arena"
"Court 4","ASB Tennis Arena"
"Court 6","ASB Tennis Arena"
"Center Court","SDAT Tennis Stadium"
"Center Court","Zayed Sports City International Tennis Centre"
"Court 1","SDAT Tennis Stadium"
"Court 2","SDAT Tennis Stadium"
"Court 1","Khalifa International Tennis & Squash Complex"
"Court 2","Khalifa International Tennis & Squash Complex"
"Court 16","Queensland Tennis Centre"
Grandstand,"ASB Tennis Arena"
"Court 3","SDAT Tennis Stadium"
"Court 4","Khalifa International Tennis & Squash Complex"
"Court 4","SDAT Tennis Stadium"
"Court N'godrela","Complexe Tennistique Marie-Louise Lhuillier"
"Court Morault","Complexe Tennistique Marie-Louise Lhuillier"
"Court 3","Khalifa International Tennis & Squash Complex"
"Court 7","Complexe Tennistique Marie-Louise Lhuillier"
"Court 8","Complexe Tennistique Marie-Louise Lhuillier"
"Ken Rosewall Arena","Olympic Park Tennis Center"
"Court 9","Olympic Park Tennis Center"
"Court 1","Olympic Park Tennis Center"
"Court 2","Olympic Park Tennis Center"
"Court 3","Olympic Park Tennis Center"
"Court 4","Olympic Park Tennis Center"
"Court 5","Olympic Park Tennis Center"
"Court 6","Olympic Park Tennis Center"
"Court 11","Victoria Park Tennis Court"
"Court 13","Victoria Park Tennis Court"
"Centre Court","Domain Tennis Centre"
"Court 1","ASB Tennis Arena"
"Court 2","ASB Tennis Arena"
"Cancha 1","Club Rancho San Francisco"
"Cancha 3","Club Rancho San Francisco"
"Center Court","Burnie Tennis Club"
"Court 4","Burnie Tennis Club"
"Court 3","ASB Tennis Arena"
"Hamilton Family Stadium","T Bar M Racquet Club"
"Court 1","T Bar M Racquet Club"
"Court 2","Burnie Tennis Club"
"Court 5","ASB Tennis Arena"
"Court 6","Burnie Tennis Club"
"Court 8","Olympic Park Tennis Center"
"Court 1","Lotto Arena"
"Centre Court","Lotto Arena"
"Center Court","Launceston Regional Tennis Centre"
"COURT 8","Domain Tennis Centre"
"Court 4","Launceston Regional Tennis Centre"
"Court 2","Launceston Regional Tennis Centre"
"Court 5","Launceston Regional Tennis Centre"
"Estadio Central","Santo Domingo Tennis Club La Bocha"
"Cancha 1","Santo Domingo Tennis Club La Bocha"
"Court 7","Clube Hipico Santo Amaro"
"Pallazzetto Alzano","Olme Sport"
"Cancha 2","Santo Domingo Tennis Club La Bocha"
"Court 3","Launceston Regional Tennis Centre"
"Court 3","Jockey Club Brasileiro"
"Court 6","Jockey Club Brasileiro"
"Quadra 5","Jockey Club Brasileiro"
"Court 3","Delray Beach Tennis Center"
"Court 3","Melbourne Park"
"Court 14","Buenos Aires Lawn Tennis Club"
"Court 4","Melbourne Park"
"Tourlaville 2","Complexe Sportif Chantereyne"
"Court 5","Melbourne Park"
"Court 6","Melbourne Park"
"Court 7","Melbourne Park"
"Court 8","Melbourne Park"
"Court 10","Melbourne Park"
"Court 11","Melbourne Park"
"Court 9","Melbourne Park"
"Cancha  3","Club Sonoma"
"Court 12","Melbourne Park"
"Court Central","Parc des Expositions Quimper Cornouaille"
Annexe,"Parc des Expositions Quimper Cornouaille"
"Court 13","Melbourne Park"
"Court 14","Melbourne Park"
"Court 15","Melbourne Park"
"Centre Court","Club Manquehue de Vitacura"
"Rod Laver Arena","Melbourne Park"
"Court 16","Club Manquehue de Vitacura"
"Court 15","Club Manquehue de Vitacura"
"Court 11","Club Manquehue de Vitacura"
"John Cain Arena","Melbourne Park"
"Margaret Court Arena","Melbourne Park"
"Court Central","Tennis Interieur Rene Verrier"
"1573 Arena","Melbourne Park"
"Court 1","Tennis Interieur Rene Verrier"
"Court 18","Melbourne Park"
"Court 19","Melbourne Park"
"Court 21","Melbourne Park"
"Estadio Municipal de Chorrillos","Club Tennis Las Terrazas de Miraflores"
Estadio,"Club Deportivo Potosino"
"Cancha Central","Club Manquehue de Vitacura"
"Atg 3","Salle Steredenn"
"Center Court","LTP Tennis Mount Pleasant"
"Court 2","Club Manquehue de Vitacura"
"Cancha 4","Club Manquehue de Vitacura"
"James T. Driscoll","Laurel Oak Country Club"
Pnc,"Laurel Oak Country Club"
"Court 9","Payne Park Tennis Facility"
"Cancha 6","Club Manquehue de Vitacura"
"Cancha 1","Centro Panamericano de Tenis"
"Court 4","TTF Istanbul Tenis Merkezi"
"Court 5","TTF Istanbul Tenis Merkezi"
"Court 1","MTTC Iphitos e.V."
"Court 2","MTTC Iphitos e.V."
"Estadio Millennium","Clube de Ténis do Estoril"
"Campo Centrale","Circolo Della Stampa Sporting"
"Court 2","Spo1 Park"
"Court 3","Seoul Olympic Park Tennis Center"
"Court 7","Tennisclub Heilbronn am Trappensee"
"Court Patrice Dominguez","Tennis Club de Strasbourg"
"Court 1","Tennis Club de Geneve"
"Court 3","Tennis Club de Geneve"
"Court 4","Tennis Club de Geneve"
"Mercedes Court","TC Weissenhof, Stuttgart"
"Court 3","Porsche Arena"
"Court 9","Multisport Sports Club"
"Court 10","TK Sparta Praha"
Grandstand,"Tennis Club Perugia"
"Court 3","Tennis Club Perugia"
"Court 2","Ilkley Lawn Tennis and Squash Club"
"Campo 4","Tennis Club Perugia"
"Centre Court","Ilkley Lawn Tennis and Squash Club"
"Court 1","Ilkley Lawn Tennis and Squash Club"
"Court 6","Ilkley Lawn Tennis and Squash Club"
"Court 4","Ilkley Lawn Tennis and Squash Club"
"Court 5","Ilkley Lawn Tennis and Squash Club"
"Court 7","Ilkley Lawn Tennis and Squash Club"
"Indoor 2","Nottingham Tennis Centre"
"Indoor 4","Nottingham Tennis Centre"
"Court 3","International Tennis Hall of Fame"
"Court 1","Rotterdam Ahoy"
"Center Court","San José State University Tennis Center"
"Court 5","Tampereen Tenniskeskus Oy"
"Courtside Club 16","San José State University Tennis Center"
"Centre Court","Dubai Duty Free Tennis Stadium"
"Court 1","Dubai Duty Free Tennis Stadium"
"Court 3","Dubai Duty Free Tennis Stadium"
"Estadio 2","Buenos Aires Lawn Tennis Club"
"Estadio 3","Buenos Aires Lawn Tennis Club"
Central,"Palais des Sports de Marseille"
"Court 1","Palais des Sports de Marseille"
"Court 6","Dubai Duty Free Tennis Stadium"
"Court 7","Dubai Duty Free Tennis Stadium"
"Cancha 4","El Club el Carmel"
"Court 2","Dubai Duty Free Tennis Stadium"
Stadium,"Delray Beach Tennis Center"
Stadium,"Wake Forest University Tennis Complex"
"Court 1","Delray Beach Tennis Center"
"Court 2","Delray Beach Tennis Center"
"Court 4","Delray Beach Tennis Center"
"Court 5","Delray Beach Tennis Center"
"Court 8","National Sport Center Nanchang"
"Court 6","Delray Beach Tennis Center"
"Court 7","National Sport Center Nanchang"
"Court 6","National Sport Center Nanchang"
"Court Steigenberger","TTF Istanbul Tenis Merkezi"
"Court 6","Wojska Polskiego"
"Indoor 1","Guangzhou Development District International Tennis School"
"Indoor 2","Guangzhou Tianhe Sports Center"
"Indoor 3","Guangzhou Tianhe Sports Center"
"Quadra 3","Sociedade Hipica de Campinas"
"Court 5","Ohio State Varsity Tennis Center"
"Court 6","Optics Valley International Tennis Center"
"Central Court","Palais Des Sport"
"Center Court","Tiburon Peninsula Club"
"Center Court","Club Sonoma, Estadio Gnp Seguros"
"Court 1","Club Sonoma, Estadio Gnp Seguros"
"Court 2","Club Sonoma"
"Court 5","Salle Collete-Benson"
"Stadium Court","Solano Community College"
"Court 1","Solano Community College"
"Stadium 2","Indian Wells Tennis Garden"
"Court 4","Salle Collete-Benson"
"Stadium 3","Indian Wells Tennis Garden"
"Stadium 4","Indian Wells Tennis Garden"
"Stadium 5","Indian Wells Tennis Garden"
"Stadium 6","Indian Wells Tennis Garden"
"Stadium 7","Indian Wells Tennis Garden"
"Stadium 8","Indian Wells Tennis Garden"
"Stadium 9","Indian Wells Tennis Garden"
"Center Court","Karnataka State Lawn Tennis Association"
"Stadium 1","Indian Wells Tennis Garden"
"Court 1","Karnataka State Lawn Tennis Association"
"Court 3","Karnataka State Lawn Tennis Association"
"Court 6","Ningbo Tennis Center of WTA Ningbo, China w42"
"Court 1","Club Deportivo Universidad Catolica"
"Court 2","Club Deportivo Universidad Catolica"
"Court 3","Club Deportivo Universidad Catolica"
"Court 1","Hard Rock Stadium"
"Court 2","Hard Rock Stadium"
"Court 3","Hard Rock Stadium"
"Court 4","Hard Rock Stadium"
"Court 5","Hard Rock Stadium"
"Court 6","Hard Rock Stadium"
"Court 7","Hard Rock Stadium"
"Court 8","Hard Rock Stadium"
"Court 9","Hard Rock Stadium"
"Center Court","Sporting Club de Tenis Valencia"
"Court 10","Hard Rock Stadium"
Estadio,"Jockey Club del Peru"
"Cancha 6","Jockey Club del Peru"
"Cancha 7","Jockey Club del Peru"
Grandstand,"Hard Rock Stadium"
Stadium,"Hard Rock Stadium"
"Cancha 4","Club Sonoma"
"Center Court","True Arena Hua Hin"
"Court 2","True Arena Hua Hin"
"Court 5","True Arena Hua Hin"
"Court 3","True Arena Hua Hin"
"Court 1","TK Slovan Bratislava"
"Court 2","NTC Arena"
"Centre Court","Club de Tenis Puente Romano"
"Court 2","Palais des sports de Beaublanc"
"Center Court","Miki Disaster Management Park"
"Court F","Miki Disaster Management Park"
"Court G","Miki Disaster Management Park"
"Court E","Miki Disaster Management Park"
"Court 1","Club de Tenis Puente Romano"
"Cancha Central","Buenos Aires Lawn Tennis Club"
"Court 4","True Arena Hua Hin"
"Court 5","Goodfriend Indoor Tennis Center"
"Court 7","Club de Tenis Puente Romano"
"Cancha  4","Buenos Aires Lawn Tennis Club"
"Court Central","Monte-Carlo Country Club"
"Court Des Princes","Monte-Carlo Country Club"
"EA de Massy","Monte-Carlo Country Club"
"Court 9","Monte-Carlo Country Club"
Centre,"Real Club de Tenis Barcelona"
"Indoor 1","Shenzhen International Tennis Center"
"Indoor 2","Shenzhen International Tennis Center"
"Court 3","Rama Gardens Hotel"
"Cancha 5","Buenos Aires Lawn Tennis Club"
"Court 11","Monte-Carlo Country Club"
"Pista 3","Real Club de Tenis Barcelona"
"Pista 4","Real Club de Tenis Barcelona"
"Pista Rafa Nadal","Real Club de Tenis Barcelona"
"Court 3","Foro Italico"
"Court 4","Foro Italico"
"Ed Smith Stadium","Laurel Oak Country Club"
"Court 5","Foro Italico"
"Court 6","Foro Italico"
"Center Court","Foro Italico"
"Center Court","Tennis Club Garden"
Pietrangeli,"Foro Italico"
"Centre Court",Porsche-Arena
"Court 1","Porsche Arena"
"Center Court","Tennis Center Novak"
"Center Court","MTTC Iphitos e.V."
"Court 4","MTTC Iphitos e.V."
"Court 8","MTTC Iphitos e.V."
"Court 2","T Bar M Racquet Club"
"Center Court","Arena Armeets Sofia"
"Court 1","Arena Armeets Sofia"
"Court 10","MTTC Iphitos e.V."
Stadium,"Club Rancho San Francisco"
Central,"Clube de Ténis do Estoril"
Centralito,"Clube de Ténis do Estoril"
"Court 1","Clube de Ténis do Estoril"
"Court 2","Clube de Ténis do Estoril"
"Court 11","Clube Hipico Santo Amaro"
"Court 3","Clube de Ténis do Estoril"
"Court 4","Clube de Ténis do Estoril"
"Sree Kanteerava Stadium","Karnataka State Lawn Tennis Association"
"Court 2","Tennis Center Novak"
"Court 13","MTTC Iphitos e.V."
"Manolo Santana Stadium","La Caja Magica"
"Arantxa Sanchez Stadium","La Caja Magica"
"Court 2","Hengqin International Tennis Center Zhuhai"
"Court 3","Hengqin International Tennis Center Zhuhai"
"Court 4","Hengqin International Tennis Center Zhuhai"
"Court 5","Hengqin International Tennis Center Zhuhai"
"Stadium 3","La Caja Magica"
Center,"Hengqin International Tennis Center Zhuhai"
"Court 1","Hengqin International Tennis Center Zhuhai"
"Court 5","La Caja Magica"
"Court 6","La Caja Magica"
"Center Court","Centro Panamericano de Tenis"
"Court 1","Centro Panamericano de Tenis"
"Court 5","Centro Panamericano de Tenis"
"Court 2","Centro Panamericano de Tenis"
"Court 7","La Caja Magica"
"Indoor 3","Shenzhen International Tennis Center"
"Indoor 4","Shenzhen Luohu Tennis Centre"
"Centre Court","Tennis Club de Strasbourg"
"Atg 4","Salle Steredenn"
"Court 2","Tennis Club de Strasbourg"
"Credit One Stadium","Family Circle Tennis Center"
"Court 3","Tennis Club de Strasbourg"
"Center Court","Jinwol International Tennis Court"
"Show Court","Jinwol International Tennis Court"
"Campo Estadio","Club Los Lagartos"
"Campo 1","El Club el Carmel"
"Center Court","Legia Tenis & Golf"
"Campo 2","El Club el Carmel"
"Cancha 3","Club Compensar Sede 220"
"I Bilanciai (C1)","Circolo Tennis Barletta"
"Altitud (C2)","Circolo Tennis Barletta"
"Court 1","Legia Tenis & Golf"
"Court 2","Payne Park Tennis Facility"
"Court 3","Payne Park Tennis Facility"
"Court Rainier III","Monte-Carlo Country Club"
"Campo 5","Circolo Tennis Hugo Simmen"
"Court 1","Jinwol International Tennis Court"
"Court 2","Legia Tenis & Golf"
"Court 3","Jinwol International Tennis Court"
"Campo 5","El Club el Carmel"
"Court 3","Legia Tenis & Golf"
"Court 6","Stade Roland Garros"
"Court 7","Stade Roland Garros"
"Court 8","Stade Roland Garros"
"Court 9","Stade Roland Garros"
"Court Cascais","Clube de Ténis do Estoril"
"Court Central","Union Sportive des Cheminots du Maroc"
"Court 10","Stade Roland Garros"
"Court 1","Union Sportive des Cheminots du Maroc"
"Court 2","Union Sportive des Cheminots du Maroc"
"Court 3","Union Sportive des Cheminots du Maroc"
"Court 11","Stade Roland Garros"
"Court 6","Clube de Ténis do Estoril"
"Court 12","Stade Roland Garros"
"Court 13","Stade Roland Garros"
"Court 1","Country Club Aixois"
"Court 3","Country Club Aixois"
Stadium,"Spo1 Park"
"Campo 3","Tennis Club Garden"
"Court 14","Stade Roland Garros"
"Campo 5","Tennis Club Garden"
"Estadio 3","Madrid Arena"
"Court 5","Country Club Aixois"
"Court 15","Stade Roland Garros"
"Court Smart Trade","Country Club Aixois"
"Court Nissan","Country Club Aixois"
"Court 16","Stade Roland Garros"
"Court Central Cepac","Country Club Aixois"
"Court Patrice Dominguez","Villa Primrose"
"Court 2","Villa Primrose"
"Show Court 3","Tennis Club 1.FCN"
"Court 5","Tennis Club 1.FCN"
"Cedevita Court","Bluesun Tennis Center"
"Cockta Court","Bluesun Tennis Center"
"Kala Court","Bluesun Tennis Center"
"Court 13","Tennis Club de Lyon"
"Court Philippe Chatrier","Stade Roland Garros"
"Court Suzanne Lenglen","Stade Roland Garros"
"Court 3","Stade Roland Garros"
"Court 4","Stade Roland Garros"
"Court 5","Stade Roland Garros"
"Court 3","Ilkley Lawn Tennis and Squash Club"
"Center Court","Mallorca Country Club Santa Ponsa"
"Court 1","Mallorca Country Club Santa Ponsa"
"Court 2","Mallorca Country Club Santa Ponsa"
"Court 3","Mallorca Country Club Santa Ponsa"
"Indoor 4","Edgbaston Priory Club"
"Indoor 6","Edgbaston Priory Club"
"Indoor 2","AAJB Tennis"
"Indoor 3","AAJB Tennis"
"Court 6","Istiklol Tennis Club"
Grandstand,"BNR arena"
"Court 7","BNR arena"
"Court 4","Winnipeg Lawn Tennis Club"
"Court 6","Winnipeg Lawn Tennis Club"
"Court 8","Winnipeg Lawn Tennis Club"
Stadium,"International Tennis Hall of Fame"
"Court 1","OWL Arena"
"Court 4","National Tennis Center"
"Court 2","OWL Arena"
"Indoor 1","Hilary J. Boone Tennis Center"
"Indoor 2","Hilary J. Boone Tennis Center"
"Indoor 4","Hilary J. Boone Tennis Center"
"Court 1","All England Lawn Tennis and Croquet Club"
"Court 1","Sichuan International Tennis Center"
"Court 2","Sichuan International Tennis Center"
"Court 17","Sichuan International Tennis Center"
"Court 9","All England Lawn Tennis and Croquet Club"
"Court 16","Sichuan International Tennis Center"
"Court 18","Sichuan International Tennis Center"
"Court 10","All England Lawn Tennis and Croquet Club"
"Centre Court","Edgbaston Priory Club"
"Court 7","Jockey Club Brasileiro"
"Court 8","Jockey Club Brasileiro"
"Quadra 4","Jockey Club Brasileiro"
"Court 1","Edgbaston Priory Club"
"Court 2","Edgbaston Priory Club"
Grandstand,"Corredor Turistico SJC-CSL"
"Court 3","Edgbaston Priory Club"
"Court 1","Cabo Sports Complex"
"P 1","Delmar International School"
"Court 4","Edgbaston Priory Club"
Stadium,"Delmar International School"
"Court 3","All England Lawn Tennis and Croquet Club"
"Court 12","All England Lawn Tennis and Croquet Club"
"Stadium 3","Lindner Family Tennis Center"
"Court G","Connecticut Tennis Center"
"Court I","Connecticut Tennis Center"
"Court P6","Cary Leeds Center for Tennis & Learning"
"Pedro Amadeu","Graciosa Country Club"
"Court 1","Qi Zhong Tennis Center"
"Court 2","Qi Zhong Tennis Center"
"Court 3","Qi Zhong Tennis Center"
"Court 12","National Sport Center Nanchang"
"Court 11","National Sport Center Nanchang"
"Indoor 3","National Sport Center Nanchang"
Colosseum,"Ariake Tennis Forest Park Ariake Colesseum"
"Court 7","Tennis Club Pamira"
"Court Patrice Dominguez","Les Arenes de Metz"
"Indoor 1","Ariake Tennis Forest Park Ariake Colesseum"
"Indoor 3","Ariake Tennis Forest Park Ariake Colesseum"
"Centre Court","Autotron Rosmalen"
"Stadium Court","Sichuan International Tennis Center"
"Court 5","Tiburon Peninsula Club"
"Court 1","Autotron Rosmalen"
"Court 2","Autotron Rosmalen"
"Centre Court","Devonshire Park Lawn Tennis Centre"
"Court 1","Devonshire Park Lawn Tennis Centre"
"Court 2","Devonshire Park Lawn Tennis Centre"
"Court 3","Devonshire Park Lawn Tennis Centre"
"Court 4","Devonshire Park Lawn Tennis Centre"
"Court 3","Autotron Rosmalen"
"Court 5","Autotron Rosmalen"
"Quadra 4","Sociedade Hipica de Campinas"
"Court 1","Eve Zimmermann Tennis Center"
"Court 2","Eve Zimmermann Tennis Center"
"Court 6","Autotron Rosmalen"
"Court 5","Eve Zimmermann Tennis Center"
"Court 6","Eve Zimmermann Tennis Center"
Stadium,"Eve Zimmermann Tennis Center"
"Court 3","Eve Zimmermann Tennis Center"
"Court 4","Eve Zimmermann Tennis Center"
"Court 4","All England Lawn Tennis and Croquet Club"
"Court 6","All England Lawn Tennis and Croquet Club"
"Eve Zimmerman Court","Solano Community College"
"Court 7","All England Lawn Tennis and Croquet Club"
"Court 6","Solano Community College"
"Court 7","Solano Community College"
"Show Court 1","Victoria Park Tennis Court"
"Show Court 2","Victoria Park Tennis Court"
"Court 8","All England Lawn Tennis and Croquet Club"
"Court 11","All England Lawn Tennis and Croquet Club"
"Court 13","All England Lawn Tennis and Croquet Club"
"Court 14","All England Lawn Tennis and Croquet Club"
"Court 15","All England Lawn Tennis and Croquet Club"
"Court 16","All England Lawn Tennis and Croquet Club"
"Indoor 2","Ningbo Tennis Center of WTA Ningbo, China w42"
"Indoor 3","Ningbo Tennis Center of WTA Ningbo, China w42"
"Court 18","All England Lawn Tennis and Croquet Club"
"Indoor 1","Ningbo Tennis Center of WTA Ningbo, China w42"
"Indoor 4","Ningbo Tennis Center of WTA Ningbo, China w42"
"Centre Court","National Tennis Center"
"Court 1","National Tennis Center"
"Court 4","Autotron Rosmalen"
"Court 10","The Boar's Head Sports Club"
Estadio,"Anexo Guayaquil Tenis Club"
"Cancha Raul Viver","Anexo Guayaquil Tenis Club"
"Cancha 1","Anexo Guayaquil Tenis Club"
"Cancha 2","Anexo Guayaquil Tenis Club"
"Court 17","All England Lawn Tennis and Croquet Club"
Stadium,"Hengqin International Tennis Center Zhuhai"
"Cancha Central","Club Compensar Sede 220"
"Cancha 1","Club Compensar Sede 220"
"Cancha 2","Club Compensar Sede 220"
"Asboth Jozsef","SYMA Sports and Conference Centre"
"Court 4","National Tennis Center"
"Court 5","National Tennis Center"
"Court 6","National Tennis Center"
"Court 1","Bastad Tennis Stadium"
"Centre Court","All England Lawn Tennis and Croquet Club"
"Court 2","Bastad Tennis Stadium"
"Court 3","Bastad Tennis Stadium"
"Court 5","Atkins Tennis Center"
Center,"International Tennis Hall of Fame"
"Court 1","International Tennis Hall of Fame"
"Court 2","International Tennis Hall of Fame"
"Enbw Court","TC Weissenhof, Stuttgart"
Grandstand,"TC Weissenhof, Stuttgart"
"Center Court","Stan Sheriff Center"
"Court 1","Stan Sheriff Center"
"Center Court","Country Time Club"
"Court 6","Stan Sheriff Center"
"Court 2","Country Time Club"
"Court 6","Country Time Club"
"Court 7","Country Time Club"
"ECM Court","Tennis Club Sparta Praha"
"Court 2","I. Czech Lawn Tennis Club Praha"
"Court 4","I. Czech Lawn Tennis Club Praha"
"Stadium Court","Atlantic Station"
"Court 1","Atlantic Station"
"Court 2","Atlantic Station"
Centre,"ŠRC MARINA PORTOROŽ"
"Court 1","ŠRC MARINA PORTOROŽ"
"Court 2","ŠRC MARINA PORTOROŽ"
"Center Court","Am Rothenbaum"
M1,"Am Rothenbaum"
M2,"Am Rothenbaum"
M3,"Am Rothenbaum"
"Lotto RLP Court","EPG Arena"
"VR Bank Court 1","EPG Arena"
"Roy Emerson Arena","Roy Emerson Arena"
"Court 1","Roy Emerson Arena"
"Center Court","TTF Istanbul Tenis Merkezi"
"Court A","TTF Istanbul Tenis Merkezi"
"Court 1","Burnie Tennis Club"
"Court 3","Burnie Tennis Club"
"Court 5","Burnie Tennis Club"
"Court 1","Parc des Expositions Quimper Cornouaille"
"Court B","TTF Istanbul Tenis Merkezi"
"Court 2","Parc des Expositions Quimper Cornouaille"
"Cat Court","Burnie Tennis Club"
"Goran Ivanisevic Stadium","ATP Stadion Goran Ivanisevic"
Grandstand,"ATP Stadion Goran Ivanisevic"
"Court 1","ATP Stadion Goran Ivanisevic"
"Court 2","ATP Stadion Goran Ivanisevic"
"Court Guillermo Vilas","Buenos Aires Lawn Tennis Club"
"Court Patrice Dominguez","Arena Montpellier"
"Court 6","Stanford Taube Tennis Center"
"Court C","TTF Istanbul Tenis Merkezi"
"Kormoczy Court","SYMA Sports and Conference Centre"
"Temesvari Court","SYMA Sports and Conference Centre"
"Sportzentrum 1","Roy Emerson Arena"
"Court 4","ATP Stadion Goran Ivanisevic"
Stadium,"Fitzerald Tennis Center Rock Creek Park"
"John Harris Court","Fitzerald Tennis Center Rock Creek Park"
"Match Court 1","Fitzerald Tennis Center Rock Creek Park"
"Court 7","Mamushidani Tennis Courts, Keio University"
"Court 6","Shenzhen Luohu Tennis Centre"
"Court 8","Shenzhen International Tennis Center"
"Cancha 1","Buenos Aires Lawn Tennis Club"
"Match Court 2","Fitzerald Tennis Center Rock Creek Park"
"Cancha 2","Centro Panamericano de Tenis"
Stadium,"Sobeys Stadium"
"M.Chinnaswamy Stadium","Karnataka State Lawn Tennis Association"
"Rogers 5G Grandstand","Sobeys Stadium"
Central,"Mouratoglou Tennis Academy"
"Court 1","Sobeys Stadium"
"Court 3","Sobeys Stadium"
"Center Court","Lindner Family Tennis Center"
Grandstand,"Lindner Family Tennis Center"
"Court 3","Lindner Family Tennis Center"
"Court 4","Lindner Family Tennis Center"
"Court 5","Lindner Family Tennis Center"
"Centre Court","Sobeys Stadium"
"Court 1","Lindner Family Tennis Center"
"Center Court","Jan Group Arena"
"Court 4","Sobeys Stadium"
"Centre Court","Center Plains Tennis Center"
"Court 1","Henan Provincial Sports Centre Stadium"
"Court 2","Henan Provincial Sports Centre Stadium"
"Court 3","Center Plains Tennis Center"
"Court 8","Payne Park Tennis Facility"
"Indoor 2","Center Plains Tennis Center"
"Indoor 3","Center Plains Tennis Center"
"Indoor 4","Center Plains Tennis Center"
"Court 1","Circolo Tennis Francavilla al Mare Sporting Club"
"Court 2","Circolo Tennis Francavilla al Mare Sporting Club"
"Court 3","Circolo Tennis Francavilla al Mare Sporting Club"
"Stadium Court","Forestmeadows Tennis Center"
Grandstand,"Circolo Tennis Francavilla al Mare Sporting Club"
"Center Court","Circolo Tennis Francavilla al Mare Sporting Club"
"Court 2","National Tennis Center"
"Court Rogers","Stade Iga"
"Court 9","Stade Iga"
"Court 5","Stade Iga"
"Court 4","Spo1 Park"
"Court 2","Stade Iga"
"Court 15","Franklin Creek Tennis Center"
"Court A","Tennis Club de Strasbourg"
"Court B","Tennis Club de Strasbourg"
"Court 10","Stade Iga"
"Court D","Tennis Club de Strasbourg"
"Court 11","National Tennis Center"
"Court 8","National Tennis Center"
"Court 6","Stade Iga"
"Court 7","National Tennis Center"
"Court 7","Stade Iga"
"Alumni Hall","Solano Community College"
"Court Central","Stade Iga"
Stadium,"Lindner Family Tennis Center"
Stadium,"Connecticut Tennis Center"
"SportMaster Grandstand","Connecticut Tennis Center"
"Court 1","Connecticut Tennis Center"
"Court 2","Connecticut Tennis Center"
"Court 3","Connecticut Tennis Center"
"Court C","Connecticut Tennis Center"
"Court 18","Cary Leeds Center for Tennis & Learning"
"Campus Field","Solano Community College"
"Court 1","Olympic Tennis School"
"Court 2","Olympic Tennis School"
"Center Court","Tiriac Stadium"
"Court 1","Centrul National de Tenis"
"Court 3","Les Arenes de Metz"
Lotus,"National Tennis Center"
Moon,"National Tennis Center"
"Court 3","National Tennis Center"
"Court 8","Ariake Tennis Forest Park Ariake Colesseum"
"Centre Court","Qi Zhong Tennis Center"
"Court 3","Utsubo Tennis Center"
"Court 6","Qi Zhong Tennis Center"
"INA Court","Bluesun Tennis Center"
"Raiffeisen Court","Bluesun Tennis Center"
"Court 1","Arena Montpellier"
"Estadio CIF","Club Internacional de Foot-ball"
"Court Lisboa","Club Internacional de Foot-ball"
"Court Belem","Club Internacional de Foot-ball"
"Court 5","Club Internacional de Foot-ball"
"Court Sopra Steria","Tennis Club de Lyon"
"Court 3","Parc De La TeTe D'or"
"Court 5","Nottingham Tennis Centre"
"Centre Court","Tennis Club Todi 1971"
"Court Central","Mallorca Country Club Santa Ponsa"
"Pista 3","Mallorca Country Club Santa Ponsa"
"Pista 2","Mallorca Country Club Santa Ponsa"
"Pista 1","Mallorca Country Club Santa Ponsa"
"Court 2","All England Lawn Tennis and Croquet Club"
"Court 5","All England Lawn Tennis and Croquet Club"
"Alaaddin Karagoz","Kaya Palazzo Belek"
"Duygu Aksit Oal","Kaya Palazzo Belek"
"Center Court","Megasaray Tennis Academy"
"Court 14","Palalido Allianz Cloud"
"Court 12","Braunschweiger Tennis und Hockeyclub"
"Court 6","BNR arena"
"Center Court 1","International Tennis Hall of Fame"
"Center Court 2","International Tennis Hall of Fame"
"Next Gen Arena","Stadium Goran Ivanisevic in ITC Stella Maris"
"Centre Court","Bastad Tennis Stadium"
"Center Court","Delmar International School"
Kaps,"Kitzbuehel Tennis Club Sportfeld 2"
"Court 1","Complexo Tenis Monte Aventino"
"Court 10","Queensland Tennis Centre"
"Court 1","The Lawn Tennis Association of Thailand"
"Court 14","Queensland Tennis Centre"
"Court A","The Lawn Tennis Association of Thailand"
"Court 8","The Lawn Tennis Association of Thailand"
"Court 2","Complexo Tenis Monte Aventino"
"Court 8","ASB Tennis Arena"
"Center Court","Olympic Park Tennis Center"
"Court 3","Complejo Deportivo Pedro Muñoz"
"Court 2","TOP SEED TENNIS CLUB"
"Court 3","Complexo Tenis Monte Aventino"
