complex_name,total_venues
Kindarena,4
"Estadio de la Cartuja",2
"Estadio German Becker",4
"Palais des sports de Gerland",7
"Sibur Arena",4
"Palais Des Sport",7
Palasport,4
"Salle Steredenn",6
"Garanti Koza Arena",1
Porsche-Arena,3
"Rotterdam Ahoy",3
"The O2",1
"Bluesun Tennis Center",8
"Club Sonoma, Estadio Gnp Seguros",3
"Accor Arena",2
"Stadium Goran Ivanisevic in ITC Stella Maris",1
"Roy Emerson Arena",5
"Complexo de Tenis do Jamor",5
"Club de Tenis Puente Romano",9
"National Tennis Center",63
"Canberra Tennis Centre",7
"BT Arena",2
"Valletta Cambiaso ASD",9
"Porsche Arena",6
"Royal Arena",4
"Taipei Arena",10
"Singapore Indoor Stadium",5
"Palais des Sports de Marseille",3
"Caja Magica",3
"All England Lawn Tennis and Croquet Club",19
"Stade Roland Garros",18
"Melbourne Park",25
"Qi zhong Forest Sports City Arena",2
"Wake Forest University Tennis Complex",6
"The Drive",5
"Atlantic Station",4
"International Tennis Hall of Fame",9
"Club Jacaranda Cumbaya",15
"Hengqin International Tennis Center Zhuhai",14
"Buenos Aires Lawn Tennis Club",30
"Delray Beach Tennis Center",7
"CK Sportcenter Kockelscheuer",5
"Luzhniki Olympic Complex",2
"Ariake Colosseum",4
"Optics Valley International Tennis Center",13
"Guangzhou Tianhe Sports Center",8
"Olympic Park Tennis Center",12
"Victoria Park Tennis Court",16
"Tianjin Tuanbo International Tennis Center",10
"Tashkent Tennis Centreake",2
"China National Tennis Center",1
"Utsubo Tennis Center",7
"Connecticut Tennis Center",11
"Sobeys Stadium",14
"Lindner Family Tennis Center",15
"Tennis Club de Strasbourg",11
"Edgbaston Priory Club",10
"Royal Tennis Club de Marrakech",6
"Tennis Club 1.FCN",7
"Devonshire Park Lawn Tennis Centre",12
"Tennis Club Sparta Praha",16
"Khalifa International Tennis & Squash Complex",12
"Club Sonoma",11
"Jockey Club Brasileiro",17
"Acapulco Princess Mundo Imperial",3
"Family Circle Tennis Center",6
"St. Jakobshalle Basel",11
"Wien, Wiener Stadthalle",2
"Shenzhen Longgang Sports Center",2
"Queensland Tennis Centre",20
"Am Rothenbaum",12
"Kungliga Tennishallen",5
"Kitzbuehel Tennis Club Sportfeld 2",8
"The Queens Club",1
"Gerry Weber Stadium",1
"Nottingham Tennis Centre",18
"Bastad Tennis Stadium",6
"Tennis Club de Geneve",5
"Autotron Rosmalen",7
"BNR arena",9
"MTTC Iphitos e.V.",9
"Real Club de Tenis Barcelona",11
"Hiroshima Regional Park",10
"Tennis Club de Lyon",8
"Sichuan International Tennis Center",9
"Swiss Tennis Arena",1
"Shenzhen Luohu Tennis Centre",6
"Yang-Ming Tennis Centre",8
"Mallorca Country Club Santa Ponsa",13
"Tennis Center Novak",10
"Farum Arena",5
"Madrid Arena",14
"Rama Gardens Hotel",6
"Country Time Club",9
"ŠRC MARINA PORTOROŽ",6
"I. Czech Lawn Tennis Club Praha",4
"LTTC Rot-Weiss",3
"Romai Tennis Academy",4
"Tokyo Metropolitan Gymnasium",4
"Sporting Club de Tenis Valencia",13
"Club Naval de Campo las Salinas",4
"USTA Billie Jean King National Tennis Center",17
"Lanxess Arena",2
"Tiburon Peninsula Club",9
"Country Club de Bogota",4
"Almaty Tennis Center",7
"Sociedade Hipica de Campinas",11
"Eve Zimmermann Tennis Center",11
"Sanchez-Casal Tennis Academy",1
"Santo Domingo Tennis Club La Bocha",18
"Lotto Arena",4
"TC Ismaning",2
"Osten & Victor Alberta Tennis Centre",9
"Ningbo Tennis Center of WTA Ningbo, China w42",12
"Club Tennis Las Terrazas de Miraflores",22
"Liuzhou Tennis Center",7
"The Boar's Head Sports Club",8
"Anexo Guayaquil Tenis Club",6
Vendéspace,2
"Carrasco Lawn Tennis Club",4
"Goodfriend Indoor Tennis Center",6
"Palais des sports de Beaublanc",3
"Miki Disaster Management Park",9
"Karnataka State Lawn Tennis Association",7
"Racket Club, Argentina",2
"Atkins Tennis Center",9
"Rice Stadium (Brian Patterson Sports Performance Center)",7
"Mhalunge Balewadi Tennis Complex",7
"Palazzetto dello Sport",1
"ASB Tennis Arena",14
"Domain Tennis Centre",3
"Ohio State Varsity Tennis Center",7
"EPG Arena",3
"Newport Beach Tennis Club",6
"Burnie Tennis Club",9
"Cantegril Country Club",5
"Salle Collete-Benson",6
"Launceston Regional Tennis Centre",6
"True Arena Hua Hin",6
"Parc des Expositions Quimper Cornouaille",6
"Cleveland Racquet Club",4
"Sud de France Arena",2
"Estadio Mario Alberto Kempes",6
"T Bar M Racquet Club",5
"SYMA Sports and Conference Centre",3
"SDAT Tennis Stadium",5
"Club Campestre Sede Llanogrande",4
"Complexe Sportif Chantereyne",5
"Dubai Duty Free Tennis Stadium",6
"Hotel Racquet Cuernavaca",3
"Indian Wells Tennis Garden",21
"Mamushidani Tennis Courts, Keio University",9
"Palais des Sports de Pau",5
"Shenzhen International Tennis Center",11
"The Phoenix Country Club",5
"Hard Rock Stadium",13
"Centro Panamericano de Tenis",12
"Club Los Lagartos",1
"TK Sparta Praha",7
"Hot Springs Tennis Center",17
"Union Sportive des Cheminots du Maroc",4
"La Caja Magica",9
"River Oaks Country Club",11
"Clube de Ténis do Estoril",10
"Parc De La TeTe D'or",4
"TC Weissenhof, Stuttgart",6
"Tennis Club Lillois Lille Metropole",5
"JC Ferrero Equelite Sport Academy",5
"Mouratoglou Tennis Academy",4
"National Taiwan University Sports Center",1
"Circolo Tennis Barletta",2
"Murcia Tennis Club 1919",4
"El Club el Carmel",8
"Laurel Oak Country Club",3
"Club Deportivo Potosino",8
"Au Tennis Club De Tunis",7
"Tali Tennis Center",7
"Jinwol International Tennis Court",10
"Tennis Club Dinamo",5
"Tennisclub Heilbronn am Trappensee",7
"Club Internacional de Foot-ball",17
"Kaya Palazzo Belek",2
"Fitzerald Tennis Center Rock Creek Park",9
"Delmar International School",5
"Tennis Club du Stade-Lausanne",3
"TC Rüppurr",9
"San José State University Tennis Center",6
"Stade Iga",8
"Tennis Palladio 98",8
"Club de Campo Villa de Madrid",7
"Istiklol Tennis Club",8
"AAJB Tennis",11
"Tenis Club Parma",4
"Ilkley Lawn Tennis and Squash Club",14
"NTC Arena",8
"Aspria Harbor Club",7
"Francesco Guzzini Recanati Tennis Club",4
"Cary Leeds Center for Tennis & Learning",15
"National Sport Center Nanchang",11
"Center Plains Tennis Center",9
"Les Arenes de Metz",5
"Ariake Tennis Forest Park Ariake Colesseum",21
"Qi Zhong Tennis Center",21
"Olympic Tennis Courts",4
"Olympic Tennis School",6
"Eurosporting Cordenons",15
"OMEGA Sports and Health Centre",5
"Palais des Sports",3
"Circolo del Tennis Firenze 1898",1
"Tips Arena Linz",3
"Solano Community College",13
"Ice Palace Krylatskoye",1
"Sportpark Ismaning",5
"Playford City Tennis Centre",3
"House of Sports",3
"Guayaquil Tennis Club",6
"Palalido Allianz Cloud",6
"Complexo Municipal de Tenis da Maia",3
"Stan Sheriff Center",10
"Bendigo Tennis Centre",6
"Complexe Tennistique Marie-Louise Lhuillier",6
"Kooyong Lawn Tennis Club",1
"Club Deportivo Universidad Catolica",6
"Tennis Club Cagliari",3
"Club de Tenis Santa Cruz",9
"Club Internacional de Tenis",3
"Alex Metreveli Tennis Club",5
"TK As Timok",6
"COMUNIDAD VALENCIANA",4
"Sparta Prague Tennis Complex",1
"National Tennis Centre",2
"TOP SEED TENNIS CLUB",3
"Henan Provincial Sports Centre Stadium",4
"TC Bad Homburg",3
"Foro Italico",16
"Forte Village Resort",3
"Ostravar Arena",6
"Limak Arcadia Sport Resort",1
"Zayed Sports City International Tennis Centre",7
"North-West University Tennis Complex",3
"Circolo Tennis I Faggi",2
"Club De Campo Bellavista",3
"OCBC Arena",1
"Halle Tony Garnier",1
"Formula Tennisa Lakhta",1
"Cordoba Lawn Tennis Club",3
"Istanbul Tennis Center",4
"Tenis Centar Maksimir",5
"President Tennis Club",3
"Rebsamen Tennis Center",6
"Complexo Tenis Monte Aventino",8
"Tennis Club Perugia",4
"TC GM Sports Anif",7
"Braunschweiger Tennis und Hockeyclub",6
"Ciric Sport Base",7
"Amersfoort Lawn Tennis Club",7
"Tennis Club Todi 1971",4
"Arka Tennis Club",3
"Cabo Sports Complex",4
"ATP Stadion Goran Ivanisevic",8
"Cary Tennis Park",7
"Tennis Club Triestino",8
"LTP Tennis Mount Pleasant",5
"The Thoreau Club",3
"Liberec Tennis Club",8
"Centro Tennis Cassa di Risparmio",5
"Associazione Tennis Verona",6
"LTV 1899",7
"XS Tennis Village",13
"Jacobs Pavilion at Nautica",5
"Legia Tenis & Golf",9
"Tennis Club Ruppurr 1929 e. V.",4
"Park Mladen Stojanovic",4
"Tennis Sporting Club de Cassis Les Gorguettes",7
"Tennis Club "Tennispark"",8
"Real Club de Tenis Betis",14
"Tennis Club Tulln",5
"TED Tenis Eskrim Dagcilik Spor Kulubu",4
"Club Rancho San Francisco",7
"Wojska Polskiego",9
"Le Liberte",3
"Jan Group Arena",6
"Lyttos Sportscenter",3
"Centrul National de Tenis",9
"Clube de Tenis de Braga",9
"Club Tungurahua",5
"Tennis Club Pamira",5
"Barnes Tennis Center",7
"Tennis Club Napoli",9
"Sporting Poseidon",4
"Abama Tennis Academy",7
"Ljubicic Tennis Academy",1
PalaNorda,4
"Greater Midland Tennis Center",4
"Le Scarabee",2
"Inalpi Arena",1
"Iate Club de Brasilia",7
"Public Security Officers Club",8
"New Country Tennis Academy",5
"Parque Parota",8
"Circolo Tennis Villa Carpena",7
"Clube Hipico Santo Amaro",20
"Megasaray Tennis Academy",21
"Arena Loire Trelaze",7
"Parque Olimpico do Rio de Janeiro",2
"Seoul Olympic Park Tennis Center",11
"Styslinger Altec Tennis Complex",2
"Multisport Sports Club",14
"Tennis Academy El Cortijo Club De Campo",7
"Circolo Della Stampa Sporting",10
"The Lawn Tennis Association of Thailand",7
"Tennis Club Roseto",4
"Club Manquehue de Vitacura",19
"Club Campestre de Pereira",12
"Padiglione Conza",12
"Tennis Club Saint-Brieuc",6
"Centro Deportivo Chapultepec",8
"Salinas Golf & Tennis Club",15
"Tennis Sanremo",6
"Monte-Carlo Country Club",9
"Payne Park Tennis Facility",13
"Circolo Tennis Hugo Simmen",15
"Club Campestre de Aguacalientes A.C.C.",10
"Teniski Klub Split",6
"Forestmeadows Tennis Center",8
"TTF Istanbul Tenis Merkezi",19
"Varazdin Arena",8
"SC Ostrava",3
"Tennis Club Garden",9
"Franklin Creek Tennis Center",8
"Parc ded Sports de Marville",8
"Danubis Tenniscenter Mauthausen",5
"Country Club Aixois",9
"Costa Verde Tenis Clube",2
"Villa Primrose",12
"Club de Tenis Coquimbo",8
"Lagardere Paris Racing Club",4
"Circolo Tennis Francavilla al Mare Sporting Club",5
"TC RW-Troisdorf e.V",10
"TK Slovan Bratislava",7
"USTA National Campus",8
"Tenisovy Klub Prostejov",5
"OWL Arena",9
"The Queen’s Club",4
"CTC Corrientes Tennis Club",8
"Steffi-Graf Stadium",1
"Tennis Club Gaiba - Gaibledon",5
"Tenis Club Argentino",5
"AELTC Wimbledon Qualifying and Community Sports Centre",20
"Inacua Malaga",4
"Tennis Club de Troyes",9
"Salzburg Tennis Club",4
"Tennis Club de Contrexeville",5
"Rome Tennis Center",5
"Arena Montpellier",5
"Pearson Automotive Tennis Club",5
"C.D. Open Tenis Ciudad de Pozoblanco",9
"Tampereen Tenniskeskus Oy",6
"Circolo Tennis Maggioni",3
"Winnipeg Lawn Tennis Club",9
"Tennisclub Zug",5
"Hilary J. Boone Tennis Center",12
"Baza Sportiva Ciric",1
"Jockey Club del Peru",15
"Hollyburn Country Club",4
"Akademia Tenisowa Tenis Kozerki",12
"Tennis St-Luc - Les Loisirs De Granby",10
"TK Spoje Praha",4
"Nacionalni Trening Centar Teniskog",5
"A.S.D. Tennis Club Como",9
"Rafa Nadal Academy",10
"Stade Toulousain Tennis Club",8
"Circolo Tennis Bari",6
"SEB Arena",12
"Taipei Tennis Center",11
"Ohio State University",5
"Sport Social Club",17
"Tel Aviv International Convention Center",2
"Skanes Family Hotel Monastir",10
"Tennis Club Saint Tropez",7
"Spo1 Park",10
"Hamburger Tennis Verband e.V",3
"Tennis Club Ortisei",5
"Centro Libanes Mexicano de Tampico",3
"Olme Sport",5
"Ehime Prefectural Sports Complex",9
"Tennis Interieur Rene Verrier",3
"Yokkaichi Tennis Center",9
"Conde Jackson Tennis Club Maspalomas",3
"Palais des Sports Orleans",6
"Club Nautico Hacoaj",5
"CLUBE CRISTOVAO COLOMBO",14
"Complexe Sportif du Blocry",2
"Estadio Espanol Chiguayante",5
"Complexe Jean Jaures",8
"Rome Tennis Center at Berry College",4
"Circolo Tennis Rovereto",4
"Yucatan Country Club",5
"Hurd Tennis Center",24
"Westwood Country Club",11
"Utilita Arena Birmingham",6
"Club Tennis Els Gorchs",9
"Club Tennis Girona",15
"Palacio de Deportes Jose Maria Martin Carpena",7
Nacional,1
"Club Campestre",3
"Tenis Centar Firule",5
"Tennis Club Jug",10
"Tennis Club Rot Weiss Troisdorf E. V.",3
"Club de Tennis La Bisbal Centre Esportiu",7
"Salle Omnisport de Rades",4
"Club La Meridiana",3
"Cranbrook Kingswood Tennis Complex",5
"Nice Lawn Tennis Club",2
"Complejo Deportivo Pedro Muñoz",8
"Corredor Turistico SJC-CSL",8
"Stanford Taube Tennis Center",6
"National Bank Tennis Hub @ West St Paul",6
"Parque Distrital de Raquetas",5
"AO Arena",1
"Academy Zhangjiagang",7
"Tivoli Tennis Center",5
"Guangzhou Nansha International Tennis Center",10
"Country Club Las Palmas",9
"Korty Mosrir",4
"Autoclub Antofagasta",6
"Sportaktivpark Bad Waltersdorf",4
"Ty Tucker Tennis Center",4
"National Tennis Center (Beeline Arena)",5
"Club Compensar Sede 220",8
"Arena Co'Met",4
"Playford Tennis Centre",3
"Graciosa Country Club",7
"Ciudad Deportiva de Tampico",3
"Hengqin Tennis Center",1
"Estadio Paradisus Cancun Quintana Roo",1
"Arena Sofia",4
"Good To Great Tennis Academy",4
"Hacienda Chicureo",5
"Arena BRB",3
"Jurerê Sports Center",8
"Bezirksstützpunkt Biberach",4
"Hala Ricany",2
"Vitality Slezsko",1
"Jockey Club de Rosario",3
"Design Center Linz",2
"Guangzhou Development District International Tennis School",4
"Delhi Lawn Tennis Association",3
"Emilio Sanchez Academy",3
"Tiriac Stadium",1
"Tucumán Lawn Tennis Club",5
"Arena GNP Seguros",5
"Club Tennis Lleida",3
"Wuxi International Tennis Center",10
"Tênis Clube de Santos",10
"Complexo Desportivo do Jamor",13
"Kachreti Golf Resort",4
"Sports Center Salata",11
"Baza Sportiva Olimpia",5
"Sporting Club Verona",8
"Victoria Park Tennis Stadium",3
"Bonn Tennis and Hockey Club",4
"Sid And Hazel Dillon Tennis Center",5
"Tennis Club Izida",4
"Omega Sport Center",6
"Clube de Tenis do Porto",3
"Gezira Sporting Club",10
"Montreux Tennis Club",2
"Club Campestre Farallones",3
"International Tennis Center",4
"Beograndska Arena",2
"All In Country Club Decines",3
"Las Hadas Golf & Country Club",4
"The Tennis Club at Newport Beach",5
"Headington Family Tennis Center",11
"Rick Macci Tennis Center",6
"David X Marks Tennis Stadium",6
"Royal SC Tennis",6
LSU,5
"Robson Tennis Center",3
"Wake Forest Tennis Center",11
"Palmira Tennis Club",6
"Tennis Courts of the SW University Neofit Rilski",3
"Penina Hotel & Golf Resort",6
Bloomington,4
"Atlantis The Palm",4
"Kallang Tennis Centre",2
"KPI Park",6
"Green Tennis Plaza",7
"Georgia Gwinnett",5
"Sport Center Visnjik (Clay)",6
"Spot - Salle Jean Burger",2
"Raquet Village",3
Manzanillo,4
"Club de Golf Tres Marias",5
"Sheraton Buganvilias Resort and Convention Center",4
"Tennis Club Porto Rose",3
"Complejo Deportivo San Carlos De Apoquindo",4
"Club Tenis Ciutadella",3
"Tenis Club Crvena Zvezda",3
"Villa Reale Tennis Monza",3
"Carvoeiro Clube de Tenis",4
"Sarasota Sports Club",3
"Le Central Tennis Club",3
"Dan Maskell Tennis Centre",4
"George P Mitchell 40 Tennis Center",4
"Tcja Saint-Malo",3
"Club Tennis Vic",4
"Tennis club "Favourite"",5
"Arena Chisinau Tennis Club",8
"University of Alabama Tennis Stadium",5
"Atkins Tennis Center Indoor",4
"Goodfriend Tennis Center",6
"TC Empire Trnava",5
"TC Blau-Gelb Bad Rappenau",3
"Tenis Centar Makarska Lukas Sport",3
"Glenmore Athletic Park",2
"Fukui Sports Park",3
"Nudgee Grammar",6
"Wimbledon Tennis and Pickleball Club",3
"ATP Stadium Goran Ivanisevic",3
"Eemslag Tennis and Padel Bunschoten",6
"Circolo Antico Tiro a Volo",2
"Michael and Anne Greenwood Tennis Center",4
"Churchie Grammar",4
"TG Nord Dusseldorf e.V.",4
"Arena Armeets Sofia",5
