venue_name,timezone
"Estadio Monumental",America/Lima
Stadium,Asia/Shanghai
"Court 2",Asia/Shanghai
"Court 7",Australia/Sydney
"Court 20",Australia/Melbourne
"Court 22",Australia/Melbourne
"Estadio Ivan Elias Moreno",America/Lima
"Stade Numa-Daly Magenta",Pacific/Noumea
"Noevir Stadium",Asia/Tokyo
"Shanghai Stadium",Asia/Shanghai
"Cancha 5",America/Mexico_City
"Court 13",America/Los_Angeles
"Center Court",Africa/Casablanca
"Court 1",Africa/Casablanca
"Court 2",Africa/Casablanca
"Court 4",Africa/Casablanca
"SZ Court",Europe/Berlin
"Court 1",Europe/Lisbon
"Center Court",Europe/Berlin
"Show Court",Europe/Berlin
"Court 1",Europe/Berlin
"Court 2",Europe/Berlin
"Court 9",Europe/Rome
"Estadio Alejandro Villanueva",America/Lima
"Court 11",Europe/Rome
"Halle des Sports",Europe/Paris
"Court 4",America/New_York
"Arthur Ashe Stadium",America/New_York
"Court 5",America/New_York
"Court 6",America/New_York
"Court 7",America/New_York
"Court 8",America/New_York
"Court 9",America/New_York
"Court 10",America/New_York
"Court 11",America/New_York
"Court 12",America/New_York
"Court 9",Asia/Tokyo
"Court 13",America/New_York
"Court A",Asia/Shanghai
"Court B",Asia/Shanghai
"Court 14",America/New_York
"Court C",Asia/Shanghai
"Court 15",America/New_York
"Cancha 10",America/Argentina/Buenos_Aires
"Cancha 11",America/Argentina/Buenos_Aires
"Cancha 2",America/Argentina/Buenos_Aires
"Court 16",America/New_York
"Stadium 17",America/New_York
"Louis Armstrong Stadium",America/New_York
Grandstand,America/New_York
"Center Court",Asia/Shanghai
"Court 2",Europe/Paris
"Court Central",Europe/Paris
"Court 1",Europe/Paris
CENTRALA,Europe/Bucharest
"SEMI CENTRALA",Europe/Bucharest
"Court 2",Europe/Bucharest
CENTRE,Asia/Tashkent
"COURT 3",Asia/Tashkent
"COURT 4",Asia/Tashkent
"COURT 5",Asia/Tashkent
"COURT 3",Europe/Bucharest
"Center Court",Asia/Seoul
"Court 2",Asia/Seoul
"Court 13",Asia/Seoul
"Court 11",Asia/Seoul
"Quadra Guga Kuerten",Brazil/East
"Quadra 2",Brazil/East
"Court 1",Asia/Tokyo
"Court 2",Asia/Tokyo
"Center Court",Asia/Tokyo
"Grandstand (Acapulco, MEXICO)",America/Mexico_City
"Centre Court",Asia/Bangkok
"Court 1",Asia/Bangkok
"Court 3",Asia/Tokyo
"Court 4",Asia/Tokyo
Center,Asia/Shanghai
"Court 1",Asia/Shanghai
"Court 4",Asia/Shanghai
"Court 5",Asia/Shanghai
"Court 7",Asia/Shanghai
"Court 8",Asia/Shanghai
"Court 9",Asia/Shanghai
"Court 2",Asia/Shanghai
Grandstand,Asia/Shanghai
"Estadio GNP Seguros",America/Mexico_City
"Cancha 1",America/Mexico_City
"Cancha 2",America/Mexico_City
"Court 4",Asia/Shanghai
"Court 5",Asia/Shanghai
"Stadium Court",Asia/Shanghai
Center,Asia/Tokyo
"Court 1",Asia/Tokyo
"Court 2",Asia/Tokyo
"Astana Arena",Asia/Almaty
"Cancha 1",America/Santiago
"Cancha 3",America/Santiago
"Cancha 8",America/Mexico_City
"Cancha Central",America/Mexico_City
"Court 3",America/Sao_Paulo
"Cancha 4",America/Mexico_City
"Cancha 3",America/Mexico_City
Center,America/New_York
"Court 4",America/New_York
"Centre Court",Europe/Vienna
"Court 5",America/New_York
"Court 4",Europe/Bucharest
"Court 5",Europe/Bucharest
"Court 10",Asia/Shanghai
"Court 3",Asia/Shanghai
"Match Court 1",Europe/Vienna
"Court 4",Asia/Shanghai
"Court 6",America/New_York
"Court 16",America/New_York
"Centre Court",Europe/Stockholm
"Court 1",Europe/Moscow
"Court Central",Africa/Tunis
"Court 1",Africa/Tunis
"Court 2",Europe/Moscow
"Centre Court",Asia/Taipei
"Court 2",Asia/Taipei
"Court 3",Europe/Berlin
"Court 3",Europe/Moscow
"Court 5",Africa/Tunis
"Centre Court",Europe/Prague
"Court 3",Europe/Prague
"Court 6",Europe/Prague
Center,America/New_York
CENTRAL,Europe/Paris
"Court 1",America/New_York
"Court 4",America/New_York
"Court 1",Europe/Paris
"Court 1",Europe/Stockholm
"Court 4",Europe/Prague
"Court 3",America/New_York
"Hortkorn Court",Europe/Berlin
"Court 1",Europe/Berlin
"Court 2",Europe/Berlin
"Center Court",Asia/Tashkent
"Court 1",Asia/Tashkent
"Court 2",Asia/Tashkent
"Court 3",Asia/Tashkent
"Court 4",Asia/Tashkent
"Court Ideal Groupe",Europe/Paris
"Court 11",Europe/Paris
"Court 1",Asia/Seoul
"Court 3",Asia/Seoul
"Court 5",Asia/Seoul
"Grand Stand Arena",Europe/Rome
"Court 12",Europe/Paris
"Court 3",Europe/Berlin
"Court 4",Europe/Berlin
"Center Court",Europe/Rome
"Court 1",Europe/Rome
"Court 2",Europe/Rome
"Court 5",Europe/Rome
"Center Court",Europe/Prague
"Court 1",Europe/Prague
"Court 1",Europe/London
"Court 3",Europe/London
"Centre Court",Europe/London
"Court 2",Europe/London
"Court 4",Europe/London
"Court 7",Europe/London
"Court 8",Europe/London
"Court 4",Europe/Berlin
"Court 5",Europe/Berlin
"Court 6",Europe/Berlin
"Centre Court",Asia/Tashkent
"Court 2",Asia/Tashkent
Central,Europe/Paris
"Court 1",Europe/Paris
"Court 1",Asia/Tashkent
"Court 4",Asia/Tashkent
"Court 5",Asia/Tashkent
"Centre Court",Europe/Prague
"Court A",Europe/Prague
"Ann Jones Centre Court",Europe/London
"Court 2",Europe/Paris
"Court 7",Europe/London
"Court 8",Europe/London
"Court 9",Europe/London
"Court 10",Europe/London
"Court 11",Europe/London
"Central Court",Asia/Shanghai
"Court 1",Asia/Shanghai
"Court 2",Asia/Shanghai
"Centre Court",Europe/Rome
Grandstand,Europe/Rome
"Court 13",Europe/Rome
"Court 3",Asia/Shanghai
"Central Court",Asia/Shanghai
"Court 1",Asia/Shanghai
"Court 2",Asia/Shanghai
"Court 3",Asia/Shanghai
"Center Court",Europe/Berlin
"Court 11",Europe/Berlin
Grandstand,Europe/Rome
"COURT 1",Europe/Rome
"Court 5",Europe/Berlin
"Court 7",Europe/Berlin
"Court D",Europe/Ljubljana
"Court C",Europe/Ljubljana
Centrale,Europe/Rome
"Campo 2",Europe/Rome
"Campo 3",Europe/Rome
"Court 2",Europe/Berlin
"Court 3",Europe/Berlin
"Court 1",Europe/Istanbul
"Court 2",Europe/Istanbul
Centrale,Europe/Rome
Grandstand,Europe/Rome
"Court Central",Canada/Eastern
"Court 3",Canada/Eastern
"Court 4",Canada/Eastern
"Court 1",Canada/Eastern
"Court 7",Canada/Eastern
"Court 5",Europe/Zagreb
"Center Court",Europe/Helsinki
"Court 1",Europe/Helsinki
"Center Court",Asia/Almaty
"Court 1",Asia/Almaty
"Court 2",Asia/Almaty
"Court 3",Asia/Almaty
"Court 6",Asia/Almaty
"Stadium 1",America/New_York
"Court 3",America/New_York
"Court 6",America/New_York
"Court 2",Europe/Vienna
"Svijany Court",Europe/Prague
"Gea Court",Europe/Prague
"Mlyn Perner Court",Europe/Prague
"Center Court",Europe/Madrid
"Court 1",Europe/Madrid
"Court 2",Europe/Madrid
"Allianz Court",Europe/Prague
"Center Court",Europe/San_Marino
"Court 2 De Luigi",Europe/San_Marino
"Court 3",Europe/San_Marino
"Campo Centrale",Europe/Rome
"Campo 11",Europe/Rome
"Campo 12",Europe/Rome
"Campo 13",Europe/Rome
"Campo 14",Europe/Rome
"Court A",America/New_York
"Court 6",Asia/Bangkok
"Court 4",Asia/Bangkok
"Court 5",Asia/Bangkok
"Center Court",Europe/Rome
"Court 1",Europe/Rome
"Court 2",Europe/Rome
"Center Court",Europe/Rome
"Court 1",Europe/Rome
"Court 2",Europe/Rome
"Campo 3",Europe/Rome
"Centre Court",Asia/Hong_Kong
"Court 1",Asia/Hong_Kong
"Court 2",Asia/Hong_Kong
"Court Limak Enerji",Europe/Istanbul
"Centre Court",Europe/Sarajevo
"Court 5",Europe/Sarajevo
"Court 3",Europe/Madrid
"Court 2",Europe/Madrid
"Court 3",Europe/Istanbul
"Central Court",Europe/Warsaw
"Court 1",Europe/Warsaw
"Court 2",Europe/Warsaw
"Court 6",Europe/Istanbul
"Court 4",Europe/Sarajevo
"Court 3",Europe/Sarajevo
"Court 4",Asia/Seoul
"Cancha Central",America/Guayaquil
"Cancha 2",America/Guayaquil
"Centre Court",Asia/Seoul
"Court 1",Europe/Moscow
"Center Court",Brazil/East
"Court 1",Brazil/East
"Court 2",Brazil/East
"Cancha 5",America/Guayaquil
"COURT B",Europe/Vienna
"Court 2",Asia/Shanghai
"Court 3",Asia/Shanghai
"Court 4",Asia/Shanghai
"Court 5",Asia/Shanghai
"Court 1",Asia/Shanghai
"CENTER COURT",Europe/Moscow
"Center Court",Asia/Shanghai
"Court 1",Europe/Paris
"La Foret 3",Europe/Paris
"La Foret 4",Europe/Paris
"Centre Court",Europe/Bucharest
"Court 5",Europe/Bucharest
"Court Central",Europe/Paris
"Court 6",Europe/Bucharest
"Court 8",Europe/Bucharest
"Centre Court",Asia/Qatar
"Center Court",Europe/Zurich
"La Foret 1",Europe/Paris
"Court 2",Europe/Zurich
"Court 1",Europe/Madrid
"Pista 1",Europe/Madrid
"Brad Drewett",Asia/Shanghai
"Central Colette Besson",Europe/Paris
"Tennis Club De Bruz",Europe/Paris
"Stadium Court",America/Los_Angeles
"Court 1",America/Los_Angeles
"Court 4",America/Los_Angeles
"Court 2",Europe/Stockholm
"Court Central",Europe/Paris
"Court 1",Europe/Paris
"Court 2",Europe/Paris
"Centre Court",Asia/Kolkata
"Court 1",Asia/Kolkata
"Court 2",Asia/Kolkata
"Cancha Central",America/Argentina/Cordoba
"CANCHA 1",America/Argentina/Cordoba
"CANCHA 3",America/Argentina/Cordoba
"Court 3",Asia/Kolkata
"Court 4",Asia/Kolkata
"Centre Court",Asia/Singapore
"Center Court",Asia/Shanghai
"Court 7",Asia/Shanghai
"Court 8",Asia/Shanghai
"Centre Court",Europe/Zurich
"Court 2",Europe/Zurich
"Center Court",Europe/Berlin
"Court 1",Europe/Berlin
"Court 7",America/New_York
"Court 9",America/New_York
Central,Europe/Paris
"Court Annexe",Europe/Paris
"Court 1",Europe/Paris
"Court 1",Asia/Taipei
"Centre Court",Europe/Bratislava
"Court 3",Europe/Bratislava
"Central Court",Europe/Rome
"Court 1",Europe/Rome
Centre,Europe/Paris
"Court 2",America/New_York
"Court 3",America/New_York
"Estadio 1. de Maio",Europe/Lisbon
"Court 3",Europe/Helsinki
"Court 1",Asia/Tokyo
"Cancha Central",America/Guayaquil
"Court 1",America/Chicago
"Court 2",America/Chicago
"Court 2",America/Guayaquil
"Pat Rafter Arena",Australia/Brisbane
"Court 9",Europe/Helsinki
"Cancha Central",America/Lima
"Cancha  3",America/Lima
"Cancha 5",America/Lima
"Court 1",Australia/Brisbane
"Cancha Central",America/Montevideo
"Cancha 1",America/Montevideo
"Court 2",Australia/Brisbane
"Via Delle Querce",Europe/Rome
"Cancha 2",America/Montevideo
"Cancha 15",America/Montevideo
"Court 5",Australia/Brisbane
"Stadium Court",Pacific/Auckland
"Court 4",Pacific/Auckland
"Court 6",Pacific/Auckland
"Center Court",Asia/Kolkata
"Center Court",Asia/Dubai
"Court 1",Asia/Kolkata
"Court 2",Asia/Kolkata
"Court 1",Asia/Qatar
"Court 2",Asia/Qatar
"Court 16",Australia/Brisbane
Grandstand,Pacific/Auckland
"Court 3",Asia/Kolkata
"Court 4",Asia/Qatar
"Court 4",Asia/Kolkata
"Court N'godrela",Pacific/Noumea
"Court Morault",Pacific/Noumea
"Court 3",Asia/Qatar
"Court 7",Pacific/Noumea
"Court 8",Pacific/Noumea
"Ken Rosewall Arena",Australia/Sydney
"Court 9",Australia/Sydney
"Court 1",Australia/Sydney
"Court 2",Australia/Sydney
"Court 3",Australia/Sydney
"Court 4",Australia/Sydney
"Court 5",Australia/Sydney
"Court 6",Australia/Sydney
"Court 11",Asia/Hong_Kong
"Court 13",Asia/Hong_Kong
"Centre Court",Australia/Tasmania
"Court 1",Pacific/Auckland
"Court 2",Pacific/Auckland
"Cancha 1",America/Guayaquil
"Cancha 3",America/Guayaquil
"Center Court",Australia/Tasmania
"Court 4",Australia/Tasmania
"Court 3",Pacific/Auckland
"Hamilton Family Stadium",America/Chicago
"Court 1",America/Chicago
"Court 2",Australia/Tasmania
"Court 5",Pacific/Auckland
"Court 6",Australia/Tasmania
"Court 8",Australia/Sydney
"Court 1",Europe/Brussels
"Centre Court",Europe/Brussels
"Center Court",Australia/Tasmania
"COURT 8",Australia/Tasmania
"Court 4",Australia/Tasmania
"Court 2",Australia/Tasmania
"Court 5",Australia/Tasmania
"Estadio Central",America/Santo_Domingo
"Cancha 1",America/Santo_Domingo
"Court 7",America/Sao_Paulo
"Pallazzetto Alzano",Europe/Rome
"Cancha 2",America/Santo_Domingo
"Court 3",Australia/Tasmania
"Court 3",Brazil/East
"Court 6",Brazil/East
"Quadra 5",Brazil/East
"Court 3",America/New_York
"Court 3",Australia/Melbourne
"Court 14",America/Argentina/Buenos_Aires
"Court 4",Australia/Melbourne
"Tourlaville 2",Europe/Paris
"Court 5",Australia/Melbourne
"Court 6",Australia/Melbourne
"Court 7",Australia/Melbourne
"Court 8",Australia/Melbourne
"Court 10",Australia/Melbourne
"Court 11",Australia/Melbourne
"Court 9",Australia/Melbourne
"Cancha  3",America/Mexico_City
"Court 12",Australia/Melbourne
"Court Central",Europe/Paris
Annexe,Europe/Paris
"Court 13",Australia/Melbourne
"Court 14",Australia/Melbourne
"Court 15",Australia/Melbourne
"Centre Court",America/Santiago
"Rod Laver Arena",Australia/Melbourne
"Court 16",America/Santiago
"Court 15",America/Santiago
"Court 11",America/Santiago
"John Cain Arena",Australia/Melbourne
"Margaret Court Arena",Australia/Melbourne
"Court Central",America/Toronto
"1573 Arena",Australia/Melbourne
"Court 1",America/Toronto
"Court 18",Australia/Melbourne
"Court 19",Australia/Melbourne
"Court 21",Australia/Melbourne
"Estadio Municipal de Chorrillos",America/Lima
Estadio,America/Mexico_City
"Cancha Central",America/Santiago
"Atg 3",Europe/Paris
"Center Court",America/New_York
"Court 2",America/Santiago
"Cancha 4",America/Santiago
"James T. Driscoll",America/New_York
Pnc,America/New_York
"Court 9",America/New_York
"Cancha 6",America/Santiago
"Cancha 1",America/Mexico_City
"Court 4",Europe/Istanbul
"Court 5",Europe/Istanbul
"Court 1",Europe/Berlin
"Court 2",Europe/Berlin
"Estadio Millennium",Europe/Lisbon
"Campo Centrale",Europe/Rome
"Court 2",Asia/Seoul
"Court 3",Asia/Seoul
"Court 7",Europe/Berlin
"Court Patrice Dominguez",Europe/Paris
"Court 1",Europe/Zurich
"Court 3",Europe/Zurich
"Court 4",Europe/Zurich
"Mercedes Court",Europe/Berlin
"Court 3",Europe/Berlin
"Court 9",Europe/Moscow
"Court 10",Europe/Prague
Grandstand,Europe/Rome
"Court 3",Europe/Rome
"Court 2",Europe/London
"Campo 4",Europe/Rome
"Centre Court",Europe/London
"Court 1",Europe/London
"Court 6",Europe/London
"Court 4",Europe/London
"Court 5",Europe/London
"Court 7",Europe/London
"Indoor 2",Europe/London
"Indoor 4",Europe/London
"Court 3",America/New_York
"Court 1",Europe/Brussels
"Center Court",America/Los_Angeles
"Court 5",Europe/Helsinki
"Courtside Club 16",America/Los_Angeles
"Centre Court",Asia/Dubai
"Court 1",Asia/Dubai
"Court 3",Asia/Dubai
"Estadio 2",America/Argentina/Buenos_Aires
"Estadio 3",America/Argentina/Buenos_Aires
Central,Europe/Paris
"Court 1",Europe/Paris
"Court 6",Asia/Dubai
"Court 7",Asia/Dubai
"Cancha 4",America/Bogota
"Court 2",Asia/Dubai
Stadium,America/New_York
Stadium,America/New_York
"Court 1",America/New_York
"Court 2",America/New_York
"Court 4",America/New_York
"Court 5",America/New_York
"Court 8",Asia/Shanghai
"Court 6",America/New_York
"Court 7",Asia/Shanghai
"Court 6",Asia/Shanghai
"Court Steigenberger",Europe/Istanbul
"Court 6",Europe/Warsaw
"Indoor 1",Asia/Shanghai
"Indoor 2",Asia/Shanghai
"Indoor 3",Asia/Shanghai
"Quadra 3",Brazil/East
"Court 5",America/New_York
"Court 6",Asia/Shanghai
"Central Court",Europe/Paris
"Center Court",America/Los_Angeles
"Center Court",America/Mexico_City
"Court 1",America/Mexico_City
"Court 2",America/Mexico_City
"Court 5",Europe/Paris
"Stadium Court",America/New_York
"Court 1",America/New_York
"Stadium 2",America/Los_Angeles
"Court 4",Europe/Paris
"Stadium 3",America/Los_Angeles
"Stadium 4",America/Los_Angeles
"Stadium 5",America/Los_Angeles
"Stadium 6",America/Los_Angeles
"Stadium 7",America/Los_Angeles
"Stadium 8",America/Los_Angeles
"Stadium 9",America/Los_Angeles
"Center Court",Asia/Kolkata
"Stadium 1",America/Los_Angeles
"Court 1",Asia/Kolkata
"Court 3",Asia/Kolkata
"Court 6",Asia/Shanghai
"Court 1",America/Santiago
"Court 2",America/Santiago
"Court 3",America/Santiago
"Court 1",America/New_York
"Court 2",America/New_York
"Court 3",America/New_York
"Court 4",America/New_York
"Court 5",America/New_York
"Court 6",America/New_York
"Court 7",America/New_York
"Court 8",America/New_York
"Court 9",America/New_York
"Center Court",Europe/Madrid
"Court 10",America/New_York
Estadio,America/Lima
"Cancha 6",America/Lima
"Cancha 7",America/Lima
Grandstand,America/New_York
Stadium,America/New_York
"Cancha 4",America/Mexico_City
"Center Court",Asia/Bangkok
"Court 2",Asia/Bangkok
"Court 5",Asia/Bangkok
"Court 3",Asia/Bangkok
"Court 1",Europe/Bratislava
"Court 2",Europe/Bratislava
"Centre Court",Europe/Madrid
"Court 2",Europe/Paris
"Center Court",Asia/Tokyo
"Court F",Asia/Tokyo
"Court G",Asia/Tokyo
"Court E",Asia/Tokyo
"Court 1",Europe/Madrid
"Cancha Central",America/Argentina/Buenos_Aires
"Court 4",Asia/Bangkok
"Court 5",America/New_York
"Court 7",Europe/Madrid
"Cancha  4",America/Argentina/Buenos_Aires
"Court Central",Europe/Paris
"Court Des Princes",Europe/Paris
"EA de Massy",Europe/Paris
"Court 9",Europe/Paris
Centre,Europe/Madrid
"Indoor 1",Asia/Shanghai
"Indoor 2",Asia/Shanghai
"Court 3",Asia/Bangkok
"Cancha 5",America/Argentina/Buenos_Aires
"Court 11",Europe/Paris
"Pista 3",Europe/Madrid
"Pista 4",Europe/Madrid
"Pista Rafa Nadal",Europe/Madrid
"Court 3",Europe/Rome
"Court 4",Europe/Rome
"Ed Smith Stadium",America/New_York
"Court 5",Europe/Rome
"Court 6",Europe/Rome
"Center Court",Europe/Rome
"Center Court",Europe/Rome
Pietrangeli,Europe/Rome
"Centre Court",Europe/Berlin
"Court 1",Europe/Berlin
"Center Court",Europe/Belgrade
"Center Court",Europe/Berlin
"Court 4",Europe/Berlin
"Court 8",Europe/Berlin
"Court 2",America/Chicago
"Center Court",Europe/Sofia
"Court 1",Europe/Sofia
"Court 10",Europe/Berlin
Stadium,America/Guayaquil
Central,Europe/Lisbon
Centralito,Europe/Lisbon
"Court 1",Europe/Lisbon
"Court 2",Europe/Lisbon
"Court 11",America/Sao_Paulo
"Court 3",Europe/Lisbon
"Court 4",Europe/Lisbon
"Sree Kanteerava Stadium",Asia/Kolkata
"Court 2",Europe/Belgrade
"Court 13",Europe/Berlin
"Manolo Santana Stadium",Europe/Madrid
"Arantxa Sanchez Stadium",Europe/Madrid
"Court 2",Asia/Shanghai
"Court 3",Asia/Shanghai
"Court 4",Asia/Shanghai
"Court 5",Asia/Shanghai
"Stadium 3",Europe/Madrid
Center,Asia/Shanghai
"Court 1",Asia/Shanghai
"Court 5",Europe/Madrid
"Court 6",Europe/Madrid
"Center Court",America/Mexico_City
"Court 1",America/Mexico_City
"Court 5",America/Mexico_City
"Court 2",America/Mexico_City
"Court 7",Europe/Madrid
"Indoor 3",Asia/Shanghai
"Indoor 4",Asia/Shanghai
"Centre Court",Europe/Paris
"Atg 4",Europe/Paris
"Court 2",Europe/Paris
"Credit One Stadium",America/New_York
"Court 3",Europe/Paris
"Center Court",Asia/Seoul
"Show Court",Asia/Seoul
"Campo Estadio",America/Bogota
"Campo 1",America/Bogota
"Center Court",Europe/Warsaw
"Campo 2",America/Bogota
"Cancha 3",America/Bogota
"I Bilanciai (C1)",Europe/Rome
"Altitud (C2)",Europe/Rome
"Court 1",Europe/Warsaw
"Court 2",America/New_York
"Court 3",America/New_York
"Court Rainier III",Europe/Paris
"Campo 5",Europe/Rome
"Court 1",Asia/Seoul
"Court 2",Europe/Warsaw
"Court 3",Asia/Seoul
"Campo 5",America/Bogota
"Court 3",Europe/Warsaw
"Court 6",Europe/Paris
"Court 7",Europe/Paris
"Court 8",Europe/Paris
"Court 9",Europe/Paris
"Court Cascais",Europe/Lisbon
"Court Central",Africa/Casablanca
"Court 10",Europe/Paris
"Court 1",Africa/Casablanca
"Court 2",Africa/Casablanca
"Court 3",Africa/Casablanca
"Court 11",Europe/Paris
"Court 6",Europe/Lisbon
"Court 12",Europe/Paris
"Court 13",Europe/Paris
"Court 1",Europe/Paris
"Court 3",Europe/Paris
Stadium,Asia/Seoul
"Campo 3",Europe/Rome
"Court 14",Europe/Paris
"Campo 5",Europe/Rome
"Estadio 3",Europe/Madrid
"Court 5",Europe/Paris
"Court 15",Europe/Paris
"Court Smart Trade",Europe/Paris
"Court Nissan",Europe/Paris
"Court 16",Europe/Paris
"Court Central Cepac",Europe/Paris
"Court Patrice Dominguez",Europe/Paris
"Court 2",Europe/Paris
"Show Court 3",Europe/Berlin
"Court 5",Europe/Berlin
"Cedevita Court",Europe/Zagreb
"Cockta Court",Europe/Zagreb
"Kala Court",Europe/Zagreb
"Court 13",Europe/Paris
"Court Philippe Chatrier",Europe/Paris
"Court Suzanne Lenglen",Europe/Paris
"Court 3",Europe/Paris
"Court 4",Europe/Paris
"Court 5",Europe/Paris
"Court 3",Europe/London
"Center Court",Europe/Madrid
"Court 1",Europe/Madrid
"Court 2",Europe/Madrid
"Court 3",Europe/Madrid
"Indoor 4",Europe/London
"Indoor 6",Europe/London
"Indoor 2",Europe/Paris
"Indoor 3",Europe/Paris
"Court 6",Asia/Tashkent
Grandstand,Europe/Bucharest
"Court 7",Europe/Bucharest
"Court 4",America/Chicago
"Court 6",America/Chicago
"Court 8",America/Chicago
Stadium,America/New_York
"Court 1",Europe/Berlin
"Court 4",Asia/Almaty
"Court 2",Europe/Berlin
"Indoor 1",America/New_York
"Indoor 2",America/New_York
"Indoor 4",America/New_York
"Court 1",Europe/London
"Court 1",Asia/Shanghai
"Court 2",Asia/Shanghai
"Court 17",Asia/Shanghai
"Court 9",Europe/London
"Court 16",Asia/Shanghai
"Court 18",Asia/Shanghai
"Court 10",Europe/London
"Centre Court",Europe/London
"Court 7",Brazil/East
"Court 8",Brazil/East
"Quadra 4",Brazil/East
"Court 1",Europe/London
"Court 2",Europe/London
Grandstand,America/Mexico_City
"Court 3",Europe/London
"Court 1",America/Mexico_City
"P 1",America/Mexico_City
"Court 4",Europe/London
Stadium,America/Mexico_City
"Court 3",Europe/London
"Court 12",Europe/London
"Stadium 3",America/New_York
"Court G",America/New_York
"Court I",America/New_York
"Court P6",America/New_York
"Pedro Amadeu",Brazil/East
"Court 1",Asia/Shanghai
"Court 2",Asia/Shanghai
"Court 3",Asia/Shanghai
"Court 12",Asia/Shanghai
"Court 11",Asia/Shanghai
"Indoor 3",Asia/Shanghai
Colosseum,Asia/Tokyo
"Court 7",Europe/Bucharest
"Court Patrice Dominguez",Europe/Paris
"Indoor 1",Asia/Tokyo
"Indoor 3",Asia/Tokyo
"Centre Court",Europe/Brussels
"Stadium Court",Asia/Shanghai
"Court 5",America/Los_Angeles
"Court 1",Europe/Brussels
"Court 2",Europe/Brussels
"Centre Court",Europe/London
"Court 1",Europe/London
"Court 2",Europe/London
"Court 3",Europe/London
"Court 4",Europe/London
"Court 3",Europe/Brussels
"Court 5",Europe/Brussels
"Quadra 4",Brazil/East
"Court 1",America/Los_Angeles
"Court 2",America/Los_Angeles
"Court 6",Europe/Brussels
"Court 5",America/Los_Angeles
"Court 6",America/Los_Angeles
Stadium,America/Los_Angeles
"Court 3",America/Los_Angeles
"Court 4",America/Los_Angeles
"Court 4",Europe/London
"Court 6",Europe/London
"Eve Zimmerman Court",America/New_York
"Court 7",Europe/London
"Court 6",America/New_York
"Court 7",America/New_York
"Show Court 1",Asia/Hong_Kong
"Show Court 2",Asia/Hong_Kong
"Court 8",Europe/London
"Court 11",Europe/London
"Court 13",Europe/London
"Court 14",Europe/London
"Court 15",Europe/London
"Court 16",Europe/London
"Indoor 2",Asia/Shanghai
"Indoor 3",Asia/Shanghai
"Court 18",Europe/London
"Indoor 1",Asia/Shanghai
"Indoor 4",Asia/Shanghai
"Centre Court",Europe/Budapest
"Court 1",Europe/Budapest
"Court 4",Europe/Brussels
"Court 10",America/New_York
Estadio,America/Guayaquil
"Cancha Raul Viver",America/Guayaquil
"Cancha 1",America/Guayaquil
"Cancha 2",America/Guayaquil
"Court 17",Europe/London
Stadium,Asia/Shanghai
"Cancha Central",America/Bogota
"Cancha 1",America/Bogota
"Cancha 2",America/Bogota
"Asboth Jozsef",Europe/Budapest
"Court 4",Europe/Budapest
"Court 5",Europe/Budapest
"Court 6",Europe/Budapest
"Court 1",Europe/Stockholm
"Centre Court",Europe/London
"Court 2",Europe/Stockholm
"Court 3",Europe/Stockholm
"Court 5",America/Chicago
Center,America/New_York
"Court 1",America/New_York
"Court 2",America/New_York
"Enbw Court",Europe/Berlin
Grandstand,Europe/Berlin
"Center Court",Pacific/Honolulu
"Court 1",Pacific/Honolulu
"Center Court",Europe/Rome
"Court 6",Pacific/Honolulu
"Court 2",Europe/Rome
"Court 6",Europe/Rome
"Court 7",Europe/Rome
"ECM Court",Europe/Prague
"Court 2",Europe/Prague
"Court 4",Europe/Prague
"Stadium Court",America/New_York
"Court 1",America/New_York
"Court 2",America/New_York
Centre,Europe/Ljubljana
"Court 1",Europe/Ljubljana
"Court 2",Europe/Ljubljana
"Center Court",Europe/Berlin
M1,Europe/Berlin
M2,Europe/Berlin
M3,Europe/Berlin
"Lotto RLP Court",Europe/Berlin
"VR Bank Court 1",Europe/Berlin
"Roy Emerson Arena",Europe/Zurich
"Court 1",Europe/Zurich
"Center Court",Europe/Istanbul
"Court A",Europe/Istanbul
"Court 1",Australia/Tasmania
"Court 3",Australia/Tasmania
"Court 5",Australia/Tasmania
"Court 1",Europe/Paris
"Court B",Europe/Istanbul
"Court 2",Europe/Paris
"Cat Court",Australia/Tasmania
"Goran Ivanisevic Stadium",Europe/Zagreb
Grandstand,Europe/Zagreb
"Court 1",Europe/Zagreb
"Court 2",Europe/Zagreb
"Court Guillermo Vilas",America/Argentina/Buenos_Aires
"Court Patrice Dominguez",Europe/Paris
"Court 6",America/Los_Angeles
"Court C",Europe/Istanbul
"Kormoczy Court",Europe/Budapest
"Temesvari Court",Europe/Budapest
"Sportzentrum 1",Europe/Zurich
"Court 4",Europe/Zagreb
Stadium,America/New_York
"John Harris Court",America/New_York
"Match Court 1",America/New_York
"Court 7",Asia/Tokyo
"Court 6",Asia/Shanghai
"Court 8",Asia/Shanghai
"Cancha 1",America/Argentina/Buenos_Aires
"Match Court 2",America/New_York
"Cancha 2",America/Mexico_City
Stadium,Canada/Eastern
"M.Chinnaswamy Stadium",Asia/Kolkata
"Rogers 5G Grandstand",Canada/Eastern
Central,Europe/Paris
"Court 1",Canada/Eastern
"Court 3",Canada/Eastern
"Center Court",America/New_York
Grandstand,America/New_York
"Court 3",America/New_York
"Court 4",America/New_York
"Court 5",America/New_York
"Centre Court",Canada/Eastern
"Court 1",America/New_York
"Center Court",Europe/Zurich
"Court 4",Canada/Eastern
"Centre Court",Asia/Shanghai
"Court 1",Asia/Shanghai
"Court 2",Asia/Shanghai
"Court 3",Asia/Shanghai
"Court 8",America/New_York
"Indoor 2",Asia/Shanghai
"Indoor 3",Asia/Shanghai
"Indoor 4",Asia/Shanghai
"Court 1",Europe/Rome
"Court 2",Europe/Rome
"Court 3",Europe/Rome
"Stadium Court",America/New_York
Grandstand,Europe/Rome
"Center Court",Europe/Rome
"Court 2",Europe/Budapest
"Court Rogers",America/Toronto
"Court 9",America/Toronto
"Court 5",America/Toronto
"Court 4",Asia/Seoul
"Court 2",America/Toronto
"Court 15",America/New_York
"Court A",Europe/Paris
"Court B",Europe/Paris
"Court 10",America/Toronto
"Court D",Europe/Paris
"Court 11",Asia/Almaty
"Court 8",Asia/Almaty
"Court 6",America/Toronto
"Court 7",Asia/Almaty
"Court 7",America/Toronto
"Alumni Hall",America/New_York
"Court Central",America/Toronto
Stadium,America/New_York
Stadium,America/New_York
"SportMaster Grandstand",America/New_York
"Court 1",America/New_York
"Court 2",America/New_York
"Court 3",America/New_York
"Court C",America/New_York
"Court 18",America/New_York
"Campus Field",America/New_York
"Court 1",Asia/Tashkent
"Court 2",Asia/Tashkent
"Center Court",Europe/Bucharest
"Court 1",Europe/Bucharest
"Court 3",Europe/Paris
Lotus,Asia/Shanghai
Moon,Asia/Shanghai
"Court 3",Asia/Shanghai
"Court 8",Asia/Tokyo
"Centre Court",Asia/Shanghai
"Court 3",Asia/Tokyo
"Court 6",Asia/Shanghai
"INA Court",Europe/Zagreb
"Raiffeisen Court",Europe/Zagreb
"Court 1",Europe/Paris
"Estadio CIF",Europe/Lisbon
"Court Lisboa",Europe/Lisbon
"Court Belem",Europe/Lisbon
"Court 5",Europe/Lisbon
"Court Sopra Steria",Europe/Paris
"Court 3",Europe/Paris
"Court 5",Europe/London
"Centre Court",Europe/Rome
"Court Central",Europe/Madrid
"Pista 3",Europe/Madrid
"Pista 2",Europe/Madrid
"Pista 1",Europe/Madrid
"Court 2",Europe/London
"Court 5",Europe/London
"Alaaddin Karagoz",Europe/Istanbul
"Duygu Aksit Oal",Europe/Istanbul
"Center Court",Europe/Istanbul
"Court 14",Europe/Rome
"Court 12",Europe/Berlin
"Court 6",Europe/Bucharest
"Center Court 1",America/New_York
"Center Court 2",America/New_York
"Next Gen Arena",Europe/Zagreb
"Centre Court",Europe/Stockholm
"Center Court",America/Mexico_City
Kaps,Europe/Vienna
"Court 1",Europe/Lisbon
"Court 10",Australia/Brisbane
"Court 1",Asia/Bangkok
"Court 14",Australia/Brisbane
"Court A",Asia/Bangkok
"Court 8",Asia/Bangkok
"Court 2",Europe/Lisbon
"Court 8",Pacific/Auckland
"Center Court",Australia/Sydney
"Court 3",Europe/Madrid
"Court 2",America/New_York
"Court 3",Europe/Lisbon
