complex_id,venue_count
sr:complex:10063,4
sr:complex:1078,2
sr:complex:11769,4
sr:complex:12241,7
sr:complex:1495,4
sr:complex:15014,7
sr:complex:15371,4
sr:complex:16020,6
sr:complex:16612,3
sr:complex:17945,3
sr:complex:18221,8
sr:complex:19737,3
sr:complex:19951,2
sr:complex:21910,5
sr:complex:2375,5
sr:complex:26983,9
sr:complex:26985,12
sr:complex:27093,7
sr:complex:27095,2
sr:complex:28457,9
sr:complex:28617,6
sr:complex:28926,4
sr:complex:32327,10
sr:complex:32812,5
sr:complex:33186,3
sr:complex:33188,3
sr:complex:33190,19
sr:complex:33192,18
sr:complex:33196,25
sr:complex:33198,2
sr:complex:33200,6
sr:complex:33206,5
sr:complex:33208,4
sr:complex:33210,9
sr:complex:33214,15
sr:complex:33218,14
sr:complex:33222,30
sr:complex:33228,7
sr:complex:33230,5
sr:complex:33236,2
sr:complex:33238,4
sr:complex:33240,13
sr:complex:33242,8
sr:complex:33244,12
sr:complex:33246,16
sr:complex:33248,10
sr:complex:33250,2
sr:complex:33254,7
sr:complex:33258,11
sr:complex:33266,14
sr:complex:33268,15
sr:complex:33274,11
sr:complex:33276,10
sr:complex:33278,6
sr:complex:33280,7
sr:complex:33282,12
sr:complex:33286,16
sr:complex:33290,12
sr:complex:33292,11
sr:complex:33296,17
sr:complex:33298,3
sr:complex:33302,6
sr:complex:33320,11
sr:complex:33322,2
sr:complex:33334,2
sr:complex:33336,20
sr:complex:33338,4
sr:complex:33340,5
sr:complex:33342,8
sr:complex:33348,18
sr:complex:33350,6
sr:complex:33356,5
sr:complex:33364,7
sr:complex:33366,9
sr:complex:33368,9
sr:complex:33372,11
sr:complex:33374,10
sr:complex:33390,8
sr:complex:33392,9
sr:complex:33408,6
sr:complex:33410,8
sr:complex:33418,13
sr:complex:33426,10
sr:complex:33428,5
sr:complex:33436,14
sr:complex:33440,6
sr:complex:33446,9
sr:complex:33448,6
sr:complex:33460,4
sr:complex:33468,3
sr:complex:33472,4
sr:complex:33478,4
sr:complex:33482,13
sr:complex:33486,4
sr:complex:33808,17
sr:complex:34586,2
sr:complex:34736,9
sr:complex:34766,4
sr:complex:34812,7
sr:complex:34814,11
sr:complex:34816,11
sr:complex:35052,18
sr:complex:35142,4
sr:complex:35212,2
sr:complex:35214,9
sr:complex:35236,12
sr:complex:35290,22
sr:complex:35292,7
sr:complex:35512,8
sr:complex:35516,6
sr:complex:35642,2
sr:complex:35644,4
sr:complex:35646,6
sr:complex:35648,3
sr:complex:35684,6
sr:complex:35688,7
sr:complex:35690,2
sr:complex:35692,9
sr:complex:35694,7
sr:complex:35870,7
sr:complex:36493,14
sr:complex:36495,3
sr:complex:36497,7
sr:complex:36573,3
sr:complex:36783,6
sr:complex:36785,9
sr:complex:36787,5
sr:complex:37007,6
sr:complex:38041,6
sr:complex:38043,6
sr:complex:38045,6
sr:complex:38047,4
sr:complex:38187,2
sr:complex:38189,6
sr:complex:38191,5
sr:complex:38193,3
sr:complex:38195,5
sr:complex:38277,4
sr:complex:38285,5
sr:complex:38313,6
sr:complex:38315,3
sr:complex:38419,21
sr:complex:38421,9
sr:complex:38451,5
sr:complex:38603,11
sr:complex:38631,5
sr:complex:38678,13
sr:complex:38680,12
sr:complex:38690,7
sr:complex:38692,17
sr:complex:38694,4
sr:complex:38698,9
sr:complex:38704,11
sr:complex:38712,16
sr:complex:38716,10
sr:complex:38720,4
sr:complex:38722,6
sr:complex:38732,5
sr:complex:38882,5
sr:complex:38884,4
sr:complex:38988,2
sr:complex:38990,4
sr:complex:39000,8
sr:complex:39093,3
sr:complex:39095,8
sr:complex:39097,7
sr:complex:39167,7
sr:complex:39377,10
sr:complex:39379,5
sr:complex:39381,7
sr:complex:39383,17
sr:complex:39493,2
sr:complex:39503,9
sr:complex:39505,5
sr:complex:39507,3
sr:complex:39511,9
sr:complex:39513,6
sr:complex:39515,8
sr:complex:39591,8
sr:complex:39852,7
sr:complex:39864,8
sr:complex:39866,11
sr:complex:39868,4
sr:complex:39870,14
sr:complex:39872,8
sr:complex:40110,7
sr:complex:40788,4
sr:complex:44124,15
sr:complex:44126,11
sr:complex:44128,9
sr:complex:44130,5
sr:complex:44516,21
sr:complex:44518,21
sr:complex:44520,4
sr:complex:44522,6
sr:complex:44640,15
sr:complex:45084,5
sr:complex:46526,14
sr:complex:46550,3
sr:complex:47140,3
sr:complex:47146,13
sr:complex:47306,5
sr:complex:47815,3
sr:complex:47817,3
sr:complex:47819,6
sr:complex:47893,6
sr:complex:48857,3
sr:complex:49319,10
sr:complex:49633,6
sr:complex:49635,6
sr:complex:50605,6
sr:complex:50973,3
sr:complex:51757,9
sr:complex:51791,3
sr:complex:51805,5
sr:complex:52275,6
sr:complex:52527,4
sr:complex:52559,2
sr:complex:52665,3
sr:complex:53263,4
sr:complex:53979,3
sr:complex:54105,16
sr:complex:55029,3
sr:complex:5526,6
sr:complex:56888,7
sr:complex:57152,3
sr:complex:57154,2
sr:complex:57188,3
sr:complex:57930,3
sr:complex:57950,4
sr:complex:58380,5
sr:complex:58572,3
sr:complex:58652,6
sr:complex:58874,8
sr:complex:58972,4
sr:complex:59004,7
sr:complex:59008,6
sr:complex:59082,7
sr:complex:59090,7
sr:complex:59096,4
sr:complex:59204,3
sr:complex:59212,4
sr:complex:59214,8
sr:complex:59292,7
sr:complex:59332,5
sr:complex:59334,3
sr:complex:59348,5
sr:complex:59464,3
sr:complex:59544,8
sr:complex:59730,5
sr:complex:59754,6
sr:complex:59774,7
sr:complex:59868,13
sr:complex:59890,5
sr:complex:59994,9
sr:complex:60188,4
sr:complex:60190,4
sr:complex:60192,7
sr:complex:60194,8
sr:complex:60196,14
sr:complex:60198,5
sr:complex:60272,4
sr:complex:60274,7
sr:complex:60276,9
sr:complex:60350,3
sr:complex:60386,6
sr:complex:60388,3
sr:complex:60416,9
sr:complex:60418,9
sr:complex:60420,5
sr:complex:60538,5
sr:complex:60540,7
sr:complex:60640,9
sr:complex:60860,4
sr:complex:61026,7
sr:complex:61333,4
sr:complex:61339,4
sr:complex:61425,2
sr:complex:61551,7
sr:complex:61553,8
sr:complex:61555,5
sr:complex:61565,8
sr:complex:61641,7
sr:complex:61643,20
sr:complex:61645,21
sr:complex:61707,7
sr:complex:61737,2
sr:complex:61761,11
sr:complex:62147,2
sr:complex:62319,14
sr:complex:62321,7
sr:complex:62323,10
sr:complex:62401,7
sr:complex:62409,4
sr:complex:62419,19
sr:complex:62595,12
sr:complex:62617,12
sr:complex:62619,6
sr:complex:62811,8
sr:complex:62823,15
sr:complex:62847,6
sr:complex:62903,9
sr:complex:62905,13
sr:complex:62907,15
sr:complex:63033,10
sr:complex:63055,6
sr:complex:63057,8
sr:complex:63059,19
sr:complex:6310,8
sr:complex:63245,3
sr:complex:63247,9
sr:complex:63249,8
sr:complex:63309,8
sr:complex:63311,5
sr:complex:63321,9
sr:complex:63323,2
sr:complex:63407,12
sr:complex:63409,8
sr:complex:63427,13
sr:complex:63429,4
sr:complex:63527,5
sr:complex:63649,10
sr:complex:63833,7
sr:complex:63835,8
sr:complex:63907,5
sr:complex:63933,9
sr:complex:63935,4
sr:complex:63937,8
sr:complex:63943,5
sr:complex:64051,5
sr:complex:64265,20
sr:complex:64369,4
sr:complex:64379,9
sr:complex:64571,4
sr:complex:64573,5
sr:complex:64751,5
sr:complex:6484,5
sr:complex:64869,8
sr:complex:64871,5
sr:complex:64883,9
sr:complex:64885,6
sr:complex:65099,3
sr:complex:65103,9
sr:complex:65105,5
sr:complex:65205,12
sr:complex:65347,15
sr:complex:65435,4
sr:complex:65437,12
sr:complex:65597,10
sr:complex:65601,4
sr:complex:65603,5
sr:complex:65717,9
sr:complex:65719,10
sr:complex:65739,8
sr:complex:65849,6
sr:complex:65975,12
sr:complex:65981,11
sr:complex:65985,5
sr:complex:65997,17
sr:complex:66093,2
sr:complex:66187,10
sr:complex:66565,7
sr:complex:66785,10
sr:complex:66787,3
sr:complex:66951,5
sr:complex:66953,3
sr:complex:67275,5
sr:complex:67459,9
sr:complex:67621,3
sr:complex:67855,9
sr:complex:68141,3
sr:complex:6890,6
sr:complex:68959,5
sr:complex:69121,14
sr:complex:69179,2
sr:complex:69183,5
sr:complex:69645,8
sr:complex:69779,4
sr:complex:69789,4
sr:complex:69799,5
sr:complex:69965,24
sr:complex:69971,11
sr:complex:70271,6
sr:complex:70335,9
sr:complex:70345,15
sr:complex:7048,7
sr:complex:70661,3
sr:complex:70663,5
sr:complex:71235,5
sr:complex:71287,3
sr:complex:71431,7
sr:complex:71923,4
sr:complex:71961,3
sr:complex:72061,5
sr:complex:72523,2
sr:complex:72533,8
sr:complex:72677,8
sr:complex:73167,6
sr:complex:73179,6
sr:complex:73191,5
sr:complex:73463,7
sr:complex:73795,5
sr:complex:73797,10
sr:complex:73807,9
sr:complex:73817,4
sr:complex:73997,6
sr:complex:74007,4
sr:complex:74017,4
sr:complex:74173,5
sr:complex:74183,8
sr:complex:74193,4
sr:complex:74730,3
sr:complex:74732,7
sr:complex:74734,3
sr:complex:74962,4
sr:complex:75062,4
sr:complex:75066,3
sr:complex:75070,5
sr:complex:75192,3
sr:complex:75200,8
sr:complex:75607,4
sr:complex:75731,2
sr:complex:76037,3
sr:complex:76089,2
sr:complex:76107,4
sr:complex:76885,3
sr:complex:77217,3
sr:complex:77391,5
sr:complex:77425,5
sr:complex:77517,3
sr:complex:77595,10
sr:complex:77615,10
sr:complex:77763,13
sr:complex:77883,4
sr:complex:78093,11
sr:complex:78489,5
sr:complex:78753,8
sr:complex:78831,3
sr:complex:79097,4
sr:complex:79103,5
sr:complex:79281,4
sr:complex:79391,6
sr:complex:79459,3
sr:complex:79633,10
sr:complex:79665,2
sr:complex:79837,3
sr:complex:80737,4
sr:complex:80851,2
sr:complex:80963,3
sr:complex:81249,4
sr:complex:81451,5
sr:complex:81543,11
sr:complex:81551,6
sr:complex:81553,6
sr:complex:81613,6
sr:complex:81635,5
sr:complex:81651,3
sr:complex:81661,11
sr:complex:81673,6
sr:complex:81681,3
sr:complex:81713,6
sr:complex:81717,4
sr:complex:81747,4
sr:complex:81751,2
sr:complex:81779,6
sr:complex:81977,7
sr:complex:81995,5
sr:complex:82007,6
sr:complex:82033,2
sr:complex:82065,3
sr:complex:82109,4
sr:complex:82131,5
sr:complex:82133,4
sr:complex:82197,3
sr:complex:82223,4
sr:complex:82243,3
sr:complex:82279,3
sr:complex:82301,3
sr:complex:82313,4
sr:complex:82335,3
sr:complex:82343,3
sr:complex:82356,4
sr:complex:82415,4
sr:complex:82417,8
sr:complex:82467,3
sr:complex:82469,4
sr:complex:82629,5
sr:complex:82659,8
sr:complex:82667,5
sr:complex:82687,4
sr:complex:82709,6
sr:complex:82723,5
sr:complex:82759,3
sr:complex:82865,3
sr:complex:82915,2
sr:complex:83007,5
sr:complex:83031,3
sr:complex:83212,6
sr:complex:83220,3
sr:complex:83248,3
sr:complex:83254,6
sr:complex:83264,2
sr:complex:83270,4
sr:complex:83308,4
sr:complex:83318,4
sr:complex:9725,5
