country_name,total_venues
Peru,37
China,207
Australia,110
"New Caledonia",6
Japan,104
Mexico,120
USA,524
Morocco,10
Germany,139
Portugal,78
Italy,252
France,248
Argentina,84
Romania,47
Uzbekistan,21
"Republic of Korea",35
Brazil,101
Thailand,19
Kazakhstan,37
Chile,65
Austria,40
Sweden,15
Russia,22
Tunisia,21
"Chinese Taipei",30
Czechia,68
Luxembourg,5
England,112
Slovenia,11
Turkiye,52
Canada,65
Croatia,65
Finland,13
Spain,208
"San Marino",5
"Hong Kong, China",19
"Bosnia & Herzegovina",9
Poland,37
Ecuador,54
Qatar,12
Switzerland,50
India,22
Singapore,8
Slovakia,20
Uruguay,9
"New Zealand",14
"United Arab Emirates",17
Belgium,6
"Dominican Republic",21
Netherlands,23
Colombia,45
Monaco,9
Serbia,21
Bulgaria,21
Hungary,23
Ukraine,8
Bolivia,18
Bahrain,8
Israel,2
Georgia,9
Lithuania,12
Greece,3
"South Africa",3
"North Macedonia",10
Denmark,9
Paraguay,3
Moldova,8
Egypt,10
"Cote d’Ivoire",3
