name,rank,points
"John Doe",1,8000
"Carlos Smith",2,7800
"Liam Zhang",3,7500
"John Taylor",101,4578
"Sophia Johnson",102,7768
"John Brown",103,3179
"Liam Anderson",104,7425
"Liam Martinez",105,4607
"John Anderson",106,3351
"John Martinez",107,6527
"John Martinez",108,3862
"Isabella Martinez",109,8165
"Isabella Lee",110,5979
"Liam Johnson",111,7166
"Sophia Taylor",112,3717
"Sophia Anderson",113,6973
"Noah Walker",114,5353
"Emma Martinez",115,3999
"Noah Martinez",116,3840
"Ava Taylor",117,4701
"Emma Garcia",118,7215
"Emma Anderson",119,6258
"Carlos Garcia",120,7355
"Carlos Johnson",121,6950
"Sophia Martinez",122,5842
"Mason Walker",123,5643
"Liam Lopez",124,6598
"Ava Garcia",125,8556
"Olivia Taylor",126,4731
"Mason Martinez",127,7900
"Noah Anderson",128,4575
"Liam Lee",129,4479
"Mason Smith",130,7124
"Carlos Johnson",131,7187
"Ava Taylor",132,3403
"Noah Taylor",133,7480
"Mason Johnson",134,6419
"Liam Taylor",135,5256
"Emma Johnson",136,6373
"Mason Taylor",137,3505
"Liam Lopez",138,4325
"Liam Johnson",139,4781
"Sophia Taylor",140,3885
"Noah Lopez",141,8919
"John Taylor",142,7337
"Isabella Brown",143,4890
"Sophia Garcia",144,7036
"Olivia Lee",145,4100
"Emma Johnson",146,6226
"Emma Johnson",147,8205
"Noah Brown",148,7948
"Emma Johnson",149,3790
"Mason Brown",150,8944
